customer_id,start_date,tenure_months,monthly_charges,usage_frequency,support_tickets,auto_renew,payment_method,contract_type,churn,cohort_month
10001,2025-04-13,18,529.16,11.0,1.0,0,Net Banking,Quarterly,0,2025-04
10002,2025-12-15,21,498.81,11.0,1.0,1,UPI,Quarterly,0,2025-12
10003,2025-09-28,17,452.82,2.0,0.0,1,Net Banking,Monthly,1,2025-09
10004,2025-04-17,7,554.68,5.0,0.0,1,UPI,Yearly,0,2025-04
10005,2025-03-13,17,446.37,5.0,2.0,0,UPI,Quarterly,0,2025-03
10006,2025-07-08,20,638.96,6.0,1.0,1,Debit Card,Yearly,1,2025-07
10007,2025-01-21,9,567.21,12.0,2.0,1,UPI,Quarterly,0,2025-01
10008,2025-04-13,17,570.95,5.0,2.0,0,UPI,Monthly,1,2025-04
10009,2025-05-02,20,438.15,7.0,1.0,0,UPI,Quarterly,1,2025-05
10010,2025-08-03,22,470.64,7.0,1.0,1,Debit Card,Monthly,0,2025-08
10011,2025-11-27,22,356.45,13.0,0.0,1,UPI,Quarterly,0,2025-11
10013,2025-04-10,17,374.61,8.0,0.0,0,Debit Card,Yearly,0,2025-04
10014,2025-12-26,7,656.57,8.0,2.0,1,Debit Card,Monthly,0,2025-12
10015,2025-06-01,1,505.06,4.0,6.0,0,Net Banking,Monthly,1,2025-06
10016,2025-05-11,13,519.46,10.0,2.0,1,Credit Card,Monthly,0,2025-05
10018,2025-11-05,19,522.71,6.0,1.0,1,UPI,Yearly,0,2025-11
10019,2025-09-15,19,794.79,9.0,5.0,1,Credit Card,Yearly,0,2025-09
10020,2025-12-10,17,462.98,9.0,0.0,0,Debit Card,Quarterly,0,2025-12
10021,2025-10-21,13,420.95,9.0,4.0,0,UPI,Yearly,0,2025-10
10022,2025-07-11,16,562.56,3.0,1.0,1,UPI,Monthly,0,2025-07
10023,2025-10-04,8,199.0,8.0,0.0,1,Debit Card,Monthly,0,2025-10
10024,2025-06-10,19,506.67,9.0,0.0,1,Debit Card,Monthly,0,2025-06
10025,2025-11-10,18,454.39,7.0,0.0,1,Debit Card,Yearly,0,2025-11
10026,2025-01-22,1,379.92,6.0,1.0,1,Debit Card,Quarterly,0,2025-01
10027,2025-09-10,14,559.93,4.0,2.0,1,Debit Card,Quarterly,1,2025-09
10028,2025-08-24,19,505.48,16.0,0.0,1,Debit Card,Monthly,0,2025-08
10029,2025-12-11,15,282.71,11.0,1.0,1,Credit Card,Monthly,0,2025-12
10030,2025-02-18,18,421.42,9.0,0.0,1,Net Banking,Yearly,0,2025-02
10032,2025-06-19,22,534.19,13.0,1.0,1,UPI,Quarterly,0,2025-06
10033,2025-07-07,17,533.0,4.0,2.0,1,UPI,Monthly,0,2025-07
10034,2025-09-28,18,403.81,10.0,2.0,0,Debit Card,Monthly,1,2025-09
10035,2025-07-09,6,563.81,8.0,1.0,1,Net Banking,Quarterly,0,2025-07
10036,2025-06-24,19,345.1,8.0,0.0,1,UPI,Monthly,0,2025-06
10037,2025-02-20,4,383.02,5.0,4.0,1,UPI,Quarterly,0,2025-02
10038,2025-12-30,1,549.06,9.0,4.0,0,Net Banking,Quarterly,1,2025-12
10039,2025-02-24,8,416.36,5.0,1.0,1,Net Banking,Quarterly,0,2025-02
10040,2025-09-01,23,491.48,6.0,1.0,0,UPI,Quarterly,1,2025-09
10042,2025-05-11,3,449.69,5.0,1.0,0,Debit Card,Monthly,1,2025-05
10043,2025-11-03,10,454.93,13.0,2.0,1,UPI,Quarterly,0,2025-11
10044,2025-05-15,10,414.19,11.0,0.0,1,Net Banking,Quarterly,0,2025-05
10046,2025-11-25,14,423.65,6.0,1.0,1,UPI,Yearly,0,2025-11
10047,2025-06-16,2,500.88,9.0,0.0,1,UPI,Quarterly,0,2025-06
10048,2025-10-01,1,411.55,9.0,0.0,0,UPI,Yearly,0,2025-10
10049,2025-03-30,23,314.88,3.0,3.0,0,UPI,Yearly,1,2025-03
10050,2025-11-12,23,608.49,7.0,2.0,0,UPI,Monthly,1,2025-11
10051,2025-01-14,18,558.94,8.0,1.0,0,Debit Card,Quarterly,0,2025-01
10052,2025-08-30,7,773.64,8.0,0.0,1,UPI,Monthly,0,2025-08
10053,2025-09-22,8,373.72,7.0,0.0,1,Net Banking,Monthly,0,2025-09
10054,2025-12-12,1,473.92,6.0,0.0,0,UPI,Yearly,0,2025-12
10055,2025-02-22,23,483.58,5.0,1.0,1,Debit Card,Quarterly,0,2025-02
10057,2025-04-02,23,438.15,5.0,1.0,0,UPI,Quarterly,1,2025-04
10058,2025-09-21,8,358.47,8.0,0.0,1,Credit Card,Yearly,0,2025-09
10059,2025-02-04,22,643.94,8.0,1.0,0,Credit Card,Quarterly,0,2025-02
10060,2025-07-25,15,461.0,8.0,2.0,1,Debit Card,Quarterly,0,2025-07
10061,2025-03-22,5,604.44,6.0,1.0,1,Debit Card,Quarterly,0,2025-03
10063,2025-12-26,19,495.41,7.0,4.0,0,Credit Card,Monthly,0,2025-12
10064,2025-01-02,1,478.08,10.0,3.0,1,Net Banking,Quarterly,0,2025-01
10066,2025-04-16,8,497.18,8.0,1.0,1,Net Banking,Quarterly,1,2025-04
10067,2025-09-17,2,602.57,9.0,2.0,1,Debit Card,Quarterly,0,2025-09
10069,2025-07-10,14,512.06,6.0,1.0,1,UPI,Monthly,0,2025-07
10070,2025-08-06,14,364.76,9.0,0.0,1,Credit Card,Monthly,0,2025-08
10071,2025-02-13,11,379.71,7.0,2.0,1,Debit Card,Monthly,0,2025-02
10072,2025-06-11,16,495.29,8.0,0.0,1,Credit Card,Quarterly,0,2025-06
10073,2025-07-21,4,263.78,11.0,2.0,1,Debit Card,Monthly,0,2025-07
10074,2025-09-27,20,746.27,7.0,0.0,1,UPI,Quarterly,0,2025-09
10075,2025-12-17,5,355.83,9.0,2.0,1,UPI,Monthly,0,2025-12
10076,2025-10-31,22,494.19,8.0,3.0,1,UPI,Quarterly,1,2025-10
10077,2025-09-28,21,639.19,6.0,5.0,0,Credit Card,Monthly,1,2025-09
10078,2025-08-03,14,395.45,6.0,1.0,0,Debit Card,Quarterly,0,2025-08
10079,2025-09-09,23,222.68,14.0,2.0,1,UPI,Monthly,0,2025-09
10080,2025-07-09,16,445.61,12.0,1.0,0,Credit Card,Monthly,0,2025-07
10081,2025-10-23,18,394.02,5.0,0.0,0,UPI,Yearly,1,2025-10
10082,2025-08-01,7,225.84,12.0,2.0,1,UPI,Monthly,0,2025-08
10083,2025-07-27,10,533.19,8.0,1.0,1,Debit Card,Quarterly,0,2025-07
10084,2025-08-25,7,523.85,7.0,1.0,0,UPI,Yearly,0,2025-08
10085,2025-12-04,1,636.08,4.0,0.0,0,Debit Card,Quarterly,1,2025-12
10087,2025-10-07,21,307.1,5.0,2.0,0,Net Banking,Monthly,0,2025-10
10089,2025-09-09,16,488.4,7.0,1.0,0,Credit Card,Monthly,0,2025-09
10090,2025-07-07,19,609.56,9.0,1.0,1,Debit Card,Monthly,1,2025-07
10091,2025-02-10,4,668.27,7.0,0.0,1,Debit Card,Monthly,1,2025-02
10092,2025-06-06,18,644.74,6.0,1.0,1,Debit Card,Monthly,1,2025-06
10093,2025-01-15,2,532.19,7.0,2.0,0,UPI,Quarterly,1,2025-01
10094,2025-10-28,1,594.94,4.0,1.0,1,UPI,Yearly,0,2025-10
10095,2025-03-06,15,422.14,9.0,2.0,1,Credit Card,Monthly,0,2025-03
10096,2025-12-11,5,519.21,10.0,2.0,0,Debit Card,Monthly,1,2025-12
10097,2025-11-23,20,356.05,11.0,2.0,1,UPI,Monthly,0,2025-11
10098,2025-01-09,11,506.52,11.0,1.0,1,UPI,Monthly,0,2025-01
10099,2025-12-10,10,509.64,8.0,0.0,1,Debit Card,Quarterly,0,2025-12
10100,2025-05-09,2,705.66,10.0,3.0,0,UPI,Monthly,0,2025-05
10101,2025-05-16,3,471.52,9.0,5.0,0,UPI,Monthly,1,2025-05
10102,2025-03-04,23,509.81,8.0,0.0,1,UPI,Quarterly,0,2025-03
10103,2025-05-19,23,527.44,3.0,0.0,1,UPI,Yearly,0,2025-05
10104,2025-03-22,12,444.42,5.0,1.0,1,Credit Card,Quarterly,0,2025-03
10105,2025-06-12,20,402.7,7.0,2.0,1,UPI,Quarterly,0,2025-06
10106,2025-10-16,5,654.86,7.0,1.0,0,UPI,Monthly,0,2025-10
10107,2025-09-18,5,381.29,8.0,2.0,1,UPI,Monthly,0,2025-09
10108,2025-08-19,6,339.65,5.0,4.0,0,UPI,Monthly,1,2025-08
10109,2025-02-10,9,580.63,7.0,1.0,1,Debit Card,Monthly,1,2025-02
10110,2025-01-28,2,637.94,7.0,1.0,1,UPI,Yearly,0,2025-01
10111,2025-05-15,21,444.83,7.0,2.0,1,Credit Card,Quarterly,0,2025-05
10112,2025-07-20,12,446.67,7.0,2.0,1,UPI,Monthly,0,2025-07
10113,2025-11-24,3,532.91,10.0,2.0,0,UPI,Monthly,1,2025-11
10114,2025-09-25,20,414.06,7.0,1.0,1,UPI,Monthly,0,2025-09
10115,2025-02-02,22,405.19,9.0,2.0,0,UPI,Quarterly,0,2025-02
10116,2025-02-17,12,604.55,7.0,0.0,0,Debit Card,Monthly,0,2025-02
10117,2025-03-03,17,571.86,5.0,0.0,0,Credit Card,Monthly,0,2025-03
10118,2025-08-04,10,656.34,8.0,3.0,1,Debit Card,Quarterly,0,2025-08
10119,2025-10-20,14,348.69,12.0,5.0,0,UPI,Monthly,0,2025-10
10121,2025-06-21,17,532.74,9.0,0.0,1,UPI,Monthly,0,2025-06
10122,2025-12-26,18,387.93,7.0,3.0,1,Debit Card,Monthly,0,2025-12
10123,2025-08-02,19,576.0,9.0,0.0,0,UPI,Monthly,0,2025-08
10124,2025-02-04,17,645.96,10.0,0.0,0,Credit Card,Monthly,1,2025-02
10125,2025-08-15,14,429.0,6.0,0.0,1,UPI,Quarterly,0,2025-08
10126,2025-04-11,9,503.63,11.0,1.0,1,UPI,Quarterly,0,2025-04
10127,2025-05-11,8,673.67,6.0,3.0,0,Net Banking,Quarterly,0,2025-05
10128,2025-09-14,2,714.91,9.0,2.0,1,Credit Card,Yearly,1,2025-09
10129,2025-01-05,13,588.5,9.0,0.0,1,Debit Card,Monthly,0,2025-01
10130,2025-08-06,7,570.21,7.0,0.0,1,Debit Card,Yearly,0,2025-08
10131,2025-09-12,9,396.55,7.0,0.0,1,Credit Card,Monthly,0,2025-09
10132,2025-12-25,22,542.11,8.0,0.0,1,UPI,Monthly,0,2025-12
10133,2025-10-10,22,565.82,12.0,1.0,1,Credit Card,Monthly,0,2025-10
10134,2025-07-26,11,473.76,7.0,4.0,1,UPI,Monthly,0,2025-07
10135,2025-01-15,14,427.63,4.0,1.0,1,Credit Card,Yearly,0,2025-01
10137,2025-02-11,13,290.47,7.0,0.0,0,Debit Card,Monthly,0,2025-02
10138,2025-06-28,2,265.25,7.0,0.0,1,Debit Card,Monthly,0,2025-06
10139,2025-03-04,23,568.53,5.0,3.0,0,Debit Card,Monthly,1,2025-03
10140,2025-12-18,5,516.72,7.0,5.0,0,UPI,Monthly,1,2025-12
10141,2025-08-19,11,440.94,6.0,1.0,1,UPI,Monthly,0,2025-08
10142,2025-08-29,6,459.23,7.0,0.0,1,UPI,Monthly,0,2025-08
10143,2025-02-21,18,524.26,7.0,2.0,1,Debit Card,Yearly,0,2025-02
10144,2025-04-06,21,479.25,11.0,2.0,1,Net Banking,Monthly,0,2025-04
10145,2025-08-10,10,338.13,10.0,1.0,1,UPI,Monthly,0,2025-08
10146,2025-08-19,4,608.56,8.0,2.0,0,UPI,Quarterly,0,2025-08
10147,2025-08-25,9,535.5,11.0,1.0,1,Credit Card,Yearly,0,2025-08
10148,2025-05-23,6,530.91,7.0,1.0,1,Net Banking,Monthly,0,2025-05
10149,2025-06-20,2,599.51,11.0,0.0,1,Credit Card,Monthly,0,2025-06
10150,2025-01-29,17,401.36,4.0,0.0,1,UPI,Yearly,0,2025-01
10151,2025-02-05,5,644.65,6.0,2.0,0,Net Banking,Monthly,1,2025-02
10152,2025-01-13,6,482.19,8.0,4.0,1,Debit Card,Quarterly,1,2025-01
10153,2025-06-09,12,605.63,12.0,1.0,1,UPI,Monthly,0,2025-06
10154,2025-11-23,23,587.13,6.0,2.0,0,Net Banking,Yearly,0,2025-11
10155,2025-07-06,21,374.34,6.0,1.0,1,Credit Card,Yearly,0,2025-07
10156,2025-08-31,10,559.35,8.0,0.0,1,UPI,Yearly,0,2025-08
10157,2025-03-27,22,538.15,10.0,0.0,0,Credit Card,Monthly,1,2025-03
10158,2025-10-11,21,502.64,9.0,3.0,1,Debit Card,Monthly,0,2025-10
10159,2025-03-07,6,487.68,13.0,2.0,1,Debit Card,Monthly,0,2025-03
10160,2025-06-19,8,488.69,8.0,1.0,1,UPI,Yearly,0,2025-06
10161,2025-02-14,2,596.52,11.0,0.0,0,Net Banking,Yearly,0,2025-02
10162,2025-03-03,12,568.35,10.0,2.0,0,UPI,Monthly,1,2025-03
10163,2025-05-14,13,502.66,11.0,0.0,0,Debit Card,Quarterly,0,2025-05
10164,2025-10-11,21,319.97,13.0,0.0,1,Credit Card,Monthly,0,2025-10
10165,2025-01-28,7,558.33,6.0,1.0,1,UPI,Monthly,0,2025-01
10166,2025-04-18,10,585.83,12.0,2.0,1,UPI,Quarterly,0,2025-04
10167,2025-02-13,13,775.05,7.0,2.0,1,Net Banking,Monthly,1,2025-02
10168,2025-12-06,17,628.05,9.0,0.0,0,Credit Card,Monthly,1,2025-12
10169,2025-10-13,21,271.1,5.0,1.0,1,Debit Card,Monthly,1,2025-10
10170,2025-11-27,14,508.41,8.0,0.0,1,Credit Card,Yearly,0,2025-11
10171,2025-05-08,2,716.37,10.0,0.0,1,Debit Card,Yearly,0,2025-05
10172,2025-12-14,22,573.83,9.0,4.0,1,Credit Card,Yearly,0,2025-12
10173,2025-08-19,11,538.44,2.0,1.0,1,UPI,Quarterly,1,2025-08
10174,2025-07-09,1,607.03,8.0,0.0,1,UPI,Quarterly,0,2025-07
10175,2025-08-13,19,424.31,7.0,0.0,1,Net Banking,Monthly,0,2025-08
10176,2025-10-10,21,556.37,4.0,0.0,1,Credit Card,Yearly,0,2025-10
10177,2025-05-01,4,468.94,8.0,0.0,1,UPI,Quarterly,0,2025-05
10179,2025-08-21,21,598.41,5.0,3.0,1,Debit Card,Quarterly,1,2025-08
10181,2025-12-25,8,653.56,9.0,0.0,0,Net Banking,Monthly,0,2025-12
10182,2025-07-17,11,448.26,4.0,0.0,1,Debit Card,Monthly,1,2025-07
10183,2025-05-17,4,530.28,6.0,2.0,0,UPI,Quarterly,0,2025-05
10184,2025-11-14,17,330.94,8.0,0.0,0,UPI,Yearly,0,2025-11
10185,2025-06-14,7,585.38,11.0,1.0,1,Debit Card,Quarterly,0,2025-06
10186,2025-08-13,8,672.58,8.0,1.0,0,Debit Card,Monthly,1,2025-08
10187,2025-11-03,3,437.24,4.0,1.0,1,UPI,Monthly,0,2025-11
10188,2025-08-22,22,365.77,6.0,1.0,1,UPI,Quarterly,0,2025-08
10189,2025-06-21,2,532.36,9.0,2.0,1,UPI,Quarterly,0,2025-06
10190,2025-06-01,23,673.58,9.0,6.0,0,Credit Card,Quarterly,0,2025-06
10191,2025-11-11,15,325.02,6.0,6.0,0,UPI,Monthly,1,2025-11
10192,2025-06-09,22,366.24,10.0,5.0,1,UPI,Yearly,1,2025-06
10193,2025-04-06,22,444.5,6.0,1.0,1,Debit Card,Quarterly,0,2025-04
10194,2025-08-21,5,400.56,4.0,2.0,1,Debit Card,Quarterly,1,2025-08
10195,2025-06-29,1,400.94,4.0,0.0,0,Credit Card,Monthly,0,2025-06
10196,2025-04-23,4,247.71,8.0,4.0,1,UPI,Monthly,0,2025-04
10197,2025-11-14,15,569.69,9.0,1.0,0,Credit Card,Yearly,0,2025-11
10198,2025-02-21,20,539.65,10.0,1.0,1,UPI,Monthly,0,2025-02
10199,2025-09-25,19,295.14,13.0,2.0,1,Net Banking,Quarterly,0,2025-09
10200,2025-10-22,3,673.86,11.0,1.0,1,Debit Card,Monthly,0,2025-10
10201,2025-04-23,20,700.73,8.0,1.0,1,UPI,Quarterly,0,2025-04
10202,2025-04-11,11,408.89,11.0,0.0,1,UPI,Monthly,0,2025-04
10203,2025-04-23,17,638.99,1.0,1.0,1,Credit Card,Monthly,0,2025-04
10204,2025-03-22,13,430.24,14.0,2.0,1,Credit Card,Yearly,0,2025-03
10205,2025-07-06,11,520.73,10.0,0.0,1,Credit Card,Quarterly,0,2025-07
10206,2025-04-23,2,398.71,9.0,2.0,1,Debit Card,Monthly,0,2025-04
10207,2025-01-02,9,764.71,10.0,3.0,1,Debit Card,Monthly,1,2025-01
10208,2025-05-10,2,463.48,6.0,3.0,1,Credit Card,Yearly,0,2025-05
10209,2025-08-08,21,514.17,12.0,1.0,1,Net Banking,Monthly,1,2025-08
10211,2025-12-09,9,722.36,11.0,2.0,0,Debit Card,Monthly,0,2025-12
10212,2025-08-12,8,725.39,7.0,0.0,1,Net Banking,Yearly,0,2025-08
10213,2025-08-13,17,694.71,7.0,1.0,0,UPI,Quarterly,0,2025-08
10214,2025-05-06,1,613.77,7.0,2.0,1,UPI,Quarterly,1,2025-05
10215,2025-05-10,11,424.03,3.0,3.0,1,Net Banking,Monthly,1,2025-05
10216,2025-02-22,8,598.34,5.0,2.0,1,Debit Card,Yearly,0,2025-02
10217,2025-06-21,10,498.15,7.0,1.0,1,Net Banking,Monthly,0,2025-06
10218,2025-08-06,7,656.49,14.0,0.0,1,UPI,Yearly,0,2025-08
10220,2025-07-17,3,421.09,4.0,4.0,1,UPI,Quarterly,0,2025-07
10223,2025-07-22,12,199.0,5.0,1.0,0,UPI,Monthly,0,2025-07
10224,2025-07-03,12,595.11,5.0,0.0,1,UPI,Monthly,0,2025-07
10225,2025-05-03,19,447.18,7.0,4.0,1,Credit Card,Monthly,0,2025-05
10226,2025-09-12,6,392.67,13.0,0.0,1,UPI,Monthly,0,2025-09
10227,2025-10-21,2,397.81,10.0,2.0,1,UPI,Monthly,0,2025-10
10228,2025-10-07,12,482.77,10.0,2.0,1,UPI,Monthly,0,2025-10
10229,2025-11-21,19,556.61,5.0,2.0,1,UPI,Yearly,0,2025-11
10230,2025-04-08,5,335.14,7.0,2.0,1,Net Banking,Monthly,1,2025-04
10231,2025-07-17,12,521.78,5.0,3.0,1,UPI,Quarterly,1,2025-07
10232,2025-08-28,17,568.21,11.0,0.0,1,UPI,Monthly,0,2025-08
10233,2025-05-24,17,722.42,7.0,1.0,0,Debit Card,Quarterly,0,2025-05
10234,2025-04-07,10,369.8,9.0,1.0,1,Credit Card,Monthly,0,2025-04
10235,2025-07-20,23,457.05,7.0,1.0,0,Debit Card,Yearly,0,2025-07
10236,2025-05-04,17,530.4,8.0,1.0,0,Credit Card,Yearly,0,2025-05
10237,2025-07-06,15,636.69,6.0,2.0,0,Net Banking,Monthly,1,2025-07
10238,2025-11-22,12,462.49,2.0,0.0,0,UPI,Quarterly,1,2025-11
10239,2025-12-15,16,642.84,6.0,0.0,1,Net Banking,Monthly,1,2025-12
10240,2025-09-16,19,266.52,6.0,2.0,1,Debit Card,Quarterly,0,2025-09
10241,2025-05-28,8,348.6,12.0,1.0,0,Credit Card,Monthly,0,2025-05
10242,2025-09-09,21,540.84,5.0,3.0,1,Debit Card,Monthly,1,2025-09
10243,2025-12-12,17,329.7,5.0,1.0,1,Credit Card,Monthly,1,2025-12
10244,2025-05-27,23,358.06,6.0,2.0,1,UPI,Quarterly,1,2025-05
10245,2025-05-28,5,435.67,6.0,4.0,1,UPI,Monthly,0,2025-05
10246,2025-12-18,22,591.57,9.0,1.0,1,Net Banking,Quarterly,0,2025-12
10247,2025-07-18,16,271.48,12.0,0.0,0,Credit Card,Quarterly,0,2025-07
10248,2025-11-04,6,519.44,10.0,2.0,0,UPI,Monthly,1,2025-11
10249,2025-05-08,8,622.96,5.0,4.0,0,Debit Card,Quarterly,1,2025-05
10250,2025-02-08,18,475.61,10.0,1.0,1,Credit Card,Yearly,0,2025-02
10251,2025-12-04,12,454.74,12.0,1.0,1,UPI,Yearly,0,2025-12
10252,2025-12-26,15,547.21,4.0,2.0,0,Debit Card,Quarterly,0,2025-12
10253,2025-05-09,9,475.95,8.0,1.0,0,Debit Card,Quarterly,1,2025-05
10254,2025-09-24,13,665.86,8.0,2.0,0,UPI,Quarterly,0,2025-09
10255,2025-05-31,15,365.63,7.0,1.0,1,Net Banking,Monthly,0,2025-05
10257,2025-04-09,16,523.68,6.0,1.0,1,Credit Card,Monthly,0,2025-04
10258,2025-09-20,7,453.59,8.0,1.0,0,UPI,Monthly,1,2025-09
10259,2025-09-09,17,199.0,9.0,1.0,1,Credit Card,Monthly,0,2025-09
10260,2025-05-24,23,479.69,11.0,2.0,0,UPI,Yearly,0,2025-05
10261,2025-12-12,21,607.02,11.0,1.0,1,UPI,Monthly,0,2025-12
10262,2025-04-22,22,592.37,6.0,2.0,0,Debit Card,Quarterly,1,2025-04
10263,2025-03-01,7,541.57,8.0,1.0,1,UPI,Quarterly,0,2025-03
10264,2025-01-02,14,367.26,10.0,2.0,1,Debit Card,Monthly,0,2025-01
10265,2025-10-31,15,546.44,6.0,1.0,1,Credit Card,Monthly,1,2025-10
10266,2025-09-11,21,430.19,7.0,2.0,1,Net Banking,Quarterly,0,2025-09
10267,2025-05-20,7,541.42,6.0,0.0,1,Credit Card,Quarterly,0,2025-05
10268,2025-02-06,9,513.58,8.0,4.0,0,UPI,Yearly,0,2025-02
10269,2025-06-09,19,381.83,8.0,3.0,1,UPI,Monthly,0,2025-06
10270,2025-01-09,16,391.91,13.0,2.0,1,Net Banking,Yearly,0,2025-01
10271,2025-08-21,8,541.6,5.0,0.0,1,Debit Card,Monthly,0,2025-08
10272,2025-04-09,18,472.47,9.0,0.0,1,UPI,Quarterly,0,2025-04
10273,2025-05-27,23,398.17,8.0,1.0,1,Credit Card,Quarterly,0,2025-05
10274,2025-10-31,18,388.26,11.0,1.0,1,Credit Card,Monthly,0,2025-10
10275,2025-07-27,20,462.54,7.0,3.0,0,Net Banking,Monthly,1,2025-07
10277,2025-06-01,3,435.87,4.0,4.0,0,Net Banking,Monthly,1,2025-06
10278,2025-02-23,18,497.32,7.0,5.0,1,Net Banking,Quarterly,0,2025-02
10279,2025-04-30,10,511.2,8.0,1.0,1,Net Banking,Monthly,0,2025-04
10280,2025-06-10,7,363.28,12.0,1.0,0,UPI,Quarterly,0,2025-06
10281,2025-04-26,17,287.46,8.0,3.0,1,Debit Card,Monthly,0,2025-04
10282,2025-03-16,14,375.8,7.0,3.0,1,Debit Card,Quarterly,0,2025-03
10283,2025-04-23,3,528.65,9.0,3.0,1,Net Banking,Quarterly,0,2025-04
10284,2025-04-14,12,509.48,9.0,2.0,0,Credit Card,Quarterly,1,2025-04
10285,2025-12-06,13,583.29,10.0,2.0,1,UPI,Quarterly,0,2025-12
10286,2025-09-11,2,510.61,4.0,2.0,1,Credit Card,Monthly,1,2025-09
10287,2025-08-15,3,485.85,5.0,1.0,1,Debit Card,Yearly,0,2025-08
10288,2025-04-22,5,426.52,10.0,1.0,1,UPI,Monthly,0,2025-04
10289,2025-04-09,11,605.15,13.0,2.0,0,UPI,Monthly,0,2025-04
10290,2025-06-02,8,388.7,13.0,2.0,1,Credit Card,Monthly,1,2025-06
10291,2025-12-15,23,365.75,7.0,1.0,1,UPI,Quarterly,0,2025-12
10293,2025-07-13,12,339.02,6.0,3.0,0,UPI,Quarterly,1,2025-07
10294,2025-11-06,7,788.77,10.0,4.0,1,Net Banking,Monthly,1,2025-11
10295,2025-06-12,15,508.6,8.0,1.0,1,Debit Card,Monthly,0,2025-06
10296,2025-07-27,17,540.75,5.0,3.0,1,UPI,Yearly,1,2025-07
10297,2025-06-18,4,401.99,10.0,1.0,1,Debit Card,Quarterly,0,2025-06
10298,2025-06-10,22,461.17,13.0,3.0,1,Debit Card,Monthly,0,2025-06
10300,2025-10-16,18,433.98,10.0,1.0,0,UPI,Monthly,0,2025-10
10301,2025-10-04,1,574.96,1.0,2.0,1,Credit Card,Monthly,0,2025-10
10302,2025-10-31,16,445.05,5.0,2.0,1,Credit Card,Monthly,1,2025-10
10303,2025-05-15,13,621.1,10.0,1.0,1,Debit Card,Monthly,0,2025-05
10304,2025-07-14,10,818.58,13.0,0.0,0,Credit Card,Monthly,0,2025-07
10305,2025-05-08,12,463.54,11.0,0.0,1,UPI,Yearly,0,2025-05
10306,2025-02-02,2,517.28,6.0,3.0,0,Net Banking,Quarterly,0,2025-02
10307,2025-06-25,23,544.54,9.0,0.0,0,UPI,Monthly,1,2025-06
10308,2025-01-22,3,716.38,11.0,1.0,1,Debit Card,Quarterly,1,2025-01
10309,2025-08-26,10,489.08,8.0,1.0,1,UPI,Yearly,0,2025-08
10310,2025-06-07,2,399.52,6.0,3.0,0,UPI,Monthly,0,2025-06
10311,2025-02-07,23,347.04,4.0,1.0,1,Credit Card,Yearly,0,2025-02
10312,2025-08-18,13,492.04,10.0,2.0,1,UPI,Quarterly,0,2025-08
10313,2025-12-31,13,445.19,13.0,1.0,1,Credit Card,Monthly,0,2025-12
10314,2025-02-20,18,740.2,6.0,1.0,0,UPI,Monthly,0,2025-02
10315,2025-09-21,3,711.38,6.0,2.0,1,Credit Card,Monthly,0,2025-09
10316,2025-10-10,7,374.88,8.0,3.0,1,Debit Card,Quarterly,0,2025-10
10317,2025-01-27,14,413.71,8.0,2.0,0,UPI,Monthly,1,2025-01
10318,2025-08-14,20,507.85,10.0,0.0,1,Net Banking,Quarterly,0,2025-08
10319,2025-10-04,17,666.67,7.0,1.0,1,UPI,Quarterly,0,2025-10
10320,2025-10-13,21,505.84,8.0,1.0,0,UPI,Monthly,0,2025-10
10321,2025-04-07,12,421.33,8.0,1.0,1,Debit Card,Yearly,0,2025-04
10322,2025-10-11,16,491.93,13.0,2.0,1,Credit Card,Yearly,0,2025-10
10323,2025-11-13,12,423.58,8.0,1.0,1,Credit Card,Monthly,0,2025-11
10324,2025-10-31,15,571.3,6.0,0.0,1,UPI,Yearly,0,2025-10
10325,2025-05-27,10,413.92,9.0,1.0,1,Debit Card,Monthly,0,2025-05
10326,2025-01-04,7,437.75,6.0,4.0,1,Credit Card,Monthly,0,2025-01
10327,2025-02-04,20,638.43,7.0,2.0,1,UPI,Monthly,1,2025-02
10328,2025-07-11,5,406.8,6.0,0.0,1,UPI,Quarterly,0,2025-07
10329,2025-02-18,1,325.46,12.0,2.0,0,Debit Card,Quarterly,0,2025-02
10330,2025-01-17,17,510.4,4.0,0.0,0,Credit Card,Monthly,1,2025-01
10331,2025-06-21,3,455.74,7.0,4.0,1,UPI,Monthly,1,2025-06
10332,2025-08-08,13,560.37,6.0,2.0,0,UPI,Monthly,0,2025-08
10333,2025-06-07,14,537.1,10.0,1.0,1,UPI,Yearly,0,2025-06
10334,2025-02-15,18,495.17,3.0,1.0,1,Credit Card,Yearly,0,2025-02
10335,2025-01-06,4,491.67,7.0,2.0,1,Debit Card,Quarterly,0,2025-01
10336,2025-04-09,18,410.7,6.0,2.0,1,Credit Card,Quarterly,0,2025-04
10337,2025-08-21,5,509.0,7.0,3.0,1,Credit Card,Quarterly,0,2025-08
10338,2025-02-06,16,604.75,5.0,0.0,0,Net Banking,Monthly,0,2025-02
10339,2025-10-07,1,382.19,10.0,2.0,1,Credit Card,Monthly,0,2025-10
10340,2025-12-15,21,498.35,8.0,2.0,1,Credit Card,Quarterly,1,2025-12
10341,2025-10-29,14,623.61,6.0,2.0,1,UPI,Quarterly,0,2025-10
10342,2025-06-30,15,559.65,7.0,0.0,0,Credit Card,Monthly,1,2025-06
10343,2025-04-05,9,656.14,6.0,3.0,0,Credit Card,Yearly,0,2025-04
10344,2025-04-09,15,430.82,14.0,2.0,1,UPI,Yearly,0,2025-04
10345,2025-07-07,17,279.31,9.0,0.0,1,Net Banking,Monthly,0,2025-07
10346,2025-04-26,4,523.08,7.0,5.0,1,Net Banking,Quarterly,1,2025-04
10347,2025-07-10,12,542.51,8.0,3.0,1,Debit Card,Yearly,0,2025-07
10348,2025-09-10,5,663.21,8.0,0.0,0,Credit Card,Monthly,1,2025-09
10349,2025-06-10,5,641.58,12.0,2.0,1,Credit Card,Quarterly,0,2025-06
10350,2025-09-13,11,563.41,10.0,2.0,1,UPI,Monthly,1,2025-09
10351,2025-11-19,6,590.85,11.0,2.0,0,UPI,Monthly,0,2025-11
10352,2025-05-08,7,475.98,9.0,4.0,1,Debit Card,Yearly,0,2025-05
10353,2025-01-18,14,352.71,5.0,0.0,1,Credit Card,Monthly,0,2025-01
10354,2025-10-08,11,513.13,6.0,0.0,1,Net Banking,Monthly,1,2025-10
10355,2025-08-11,13,616.91,8.0,1.0,1,UPI,Monthly,0,2025-08
10356,2025-02-23,2,577.76,6.0,3.0,0,Credit Card,Monthly,1,2025-02
10357,2025-02-27,7,599.06,10.0,2.0,1,Credit Card,Monthly,1,2025-02
10358,2025-11-19,20,447.67,10.0,2.0,1,Credit Card,Quarterly,0,2025-11
10359,2025-12-26,4,467.13,7.0,1.0,1,Net Banking,Monthly,0,2025-12
10360,2025-06-23,8,557.01,8.0,1.0,1,Net Banking,Quarterly,0,2025-06
10361,2025-10-07,20,433.42,12.0,0.0,1,UPI,Quarterly,0,2025-10
10362,2025-04-24,22,437.11,8.0,1.0,1,UPI,Monthly,0,2025-04
10363,2025-10-15,21,534.76,8.0,1.0,1,UPI,Quarterly,0,2025-10
10364,2025-12-08,19,590.31,12.0,2.0,1,Debit Card,Quarterly,0,2025-12
10365,2025-05-31,13,475.06,5.0,2.0,1,UPI,Monthly,0,2025-05
10366,2025-05-07,14,359.42,6.0,3.0,0,Debit Card,Monthly,1,2025-05
10367,2025-06-04,10,410.7,9.0,2.0,0,Credit Card,Quarterly,1,2025-06
10368,2025-09-30,11,523.44,8.0,1.0,1,Credit Card,Yearly,0,2025-09
10369,2025-04-14,2,521.98,13.0,1.0,0,Debit Card,Monthly,1,2025-04
10370,2025-10-26,9,527.95,5.0,3.0,0,Credit Card,Monthly,0,2025-10
10371,2025-09-03,17,561.56,8.0,3.0,1,Credit Card,Monthly,0,2025-09
10372,2025-06-25,3,499.7,4.0,2.0,0,UPI,Monthly,1,2025-06
10373,2025-02-08,6,530.81,3.0,2.0,0,Credit Card,Quarterly,0,2025-02
10374,2025-06-19,5,493.6,13.0,3.0,1,Credit Card,Monthly,0,2025-06
10375,2025-09-04,5,636.85,6.0,1.0,1,Credit Card,Monthly,1,2025-09
10376,2025-01-26,22,670.88,7.0,2.0,1,Net Banking,Monthly,1,2025-01
10377,2025-12-21,15,356.32,10.0,2.0,1,Net Banking,Monthly,0,2025-12
10378,2025-11-02,23,468.37,7.0,1.0,1,Debit Card,Monthly,0,2025-11
10379,2025-01-13,17,502.93,8.0,1.0,1,UPI,Monthly,0,2025-01
10380,2025-11-12,9,466.97,8.0,3.0,1,Debit Card,Monthly,1,2025-11
10381,2025-11-09,3,714.15,7.0,2.0,1,UPI,Yearly,0,2025-11
10382,2025-02-05,20,525.87,8.0,1.0,1,UPI,Yearly,0,2025-02
10383,2025-06-22,17,402.36,8.0,2.0,1,UPI,Monthly,0,2025-06
10384,2025-01-20,10,570.57,9.0,2.0,1,UPI,Quarterly,1,2025-01
10385,2025-11-17,3,531.52,6.0,4.0,0,UPI,Monthly,1,2025-11
10386,2025-09-21,18,535.5,8.0,1.0,1,Credit Card,Monthly,0,2025-09
10387,2025-05-22,18,715.95,11.0,0.0,0,Net Banking,Monthly,0,2025-05
10388,2025-05-23,17,541.09,12.0,1.0,1,UPI,Monthly,0,2025-05
10389,2025-04-02,3,462.56,7.0,0.0,1,Net Banking,Quarterly,0,2025-04
10390,2025-12-20,3,264.37,9.0,1.0,1,UPI,Monthly,0,2025-12
10391,2025-11-18,6,479.15,6.0,0.0,0,UPI,Monthly,0,2025-11
10392,2025-10-15,13,655.72,9.0,0.0,1,Credit Card,Quarterly,0,2025-10
10393,2025-08-03,15,488.06,5.0,0.0,0,Debit Card,Quarterly,0,2025-08
10394,2025-12-08,9,230.19,13.0,3.0,1,UPI,Monthly,0,2025-12
10395,2025-02-20,4,439.2,12.0,0.0,1,UPI,Monthly,0,2025-02
10396,2025-06-02,14,618.12,8.0,0.0,0,Credit Card,Monthly,0,2025-06
10397,2025-07-05,5,564.5,8.0,1.0,1,UPI,Monthly,0,2025-07
10398,2025-03-04,2,398.21,5.0,2.0,0,Debit Card,Monthly,1,2025-03
10399,2025-07-09,11,431.17,9.0,0.0,1,Credit Card,Monthly,0,2025-07
10400,2025-05-05,9,449.71,3.0,2.0,0,UPI,Quarterly,0,2025-05
10401,2025-05-30,3,419.47,8.0,4.0,0,Net Banking,Quarterly,0,2025-05
10402,2025-11-10,9,255.44,10.0,1.0,0,UPI,Quarterly,0,2025-11
10403,2025-02-27,3,590.63,8.0,2.0,0,Debit Card,Monthly,1,2025-02
10404,2025-12-08,2,649.85,13.0,1.0,1,Debit Card,Monthly,0,2025-12
10405,2025-11-01,12,316.79,3.0,2.0,1,Net Banking,Monthly,1,2025-11
10406,2025-06-29,10,648.26,9.0,0.0,1,Credit Card,Quarterly,0,2025-06
10407,2025-06-19,9,486.64,4.0,4.0,0,Credit Card,Monthly,1,2025-06
10408,2025-11-22,15,646.02,12.0,1.0,1,UPI,Yearly,0,2025-11
10409,2025-09-28,8,503.55,8.0,0.0,1,Debit Card,Quarterly,0,2025-09
10410,2025-02-23,5,515.27,6.0,1.0,1,Credit Card,Yearly,1,2025-02
10411,2025-04-11,11,543.69,8.0,1.0,1,Credit Card,Quarterly,0,2025-04
10412,2025-09-21,2,404.19,8.0,1.0,1,Net Banking,Yearly,0,2025-09
10414,2025-03-01,6,364.43,9.0,0.0,1,Net Banking,Yearly,1,2025-03
10415,2025-04-18,8,450.75,9.0,2.0,1,Net Banking,Monthly,1,2025-04
10416,2025-01-05,5,561.91,6.0,4.0,1,Credit Card,Monthly,1,2025-01
10417,2025-04-13,16,437.9,5.0,3.0,0,Credit Card,Quarterly,0,2025-04
10418,2025-07-15,18,592.3,7.0,2.0,0,UPI,Yearly,0,2025-07
10419,2025-09-19,6,664.1,8.0,1.0,1,Net Banking,Monthly,1,2025-09
10420,2025-12-31,5,620.51,8.0,3.0,0,UPI,Monthly,0,2025-12
10421,2025-12-16,16,266.67,7.0,0.0,0,Credit Card,Quarterly,1,2025-12
10422,2025-02-16,13,514.1,8.0,0.0,1,Debit Card,Quarterly,0,2025-02
10424,2025-11-07,13,340.99,12.0,2.0,1,Debit Card,Quarterly,0,2025-11
10425,2025-11-04,17,585.83,7.0,2.0,0,Credit Card,Yearly,0,2025-11
10426,2025-05-24,18,579.1,10.0,3.0,1,UPI,Yearly,0,2025-05
10427,2025-09-26,8,353.55,5.0,4.0,0,UPI,Monthly,1,2025-09
10428,2025-05-04,13,599.11,8.0,2.0,1,UPI,Monthly,1,2025-05
10429,2025-04-16,19,531.72,6.0,0.0,1,Net Banking,Monthly,0,2025-04
10430,2025-06-07,3,577.05,6.0,0.0,1,Debit Card,Monthly,0,2025-06
10431,2025-05-27,8,383.04,11.0,1.0,1,Debit Card,Monthly,0,2025-05
10432,2025-05-25,2,517.02,10.0,2.0,1,Debit Card,Quarterly,0,2025-05
10433,2025-04-30,8,294.41,9.0,0.0,0,Credit Card,Monthly,0,2025-04
10435,2025-10-02,13,515.9,9.0,0.0,0,UPI,Yearly,0,2025-10
10436,2025-04-02,1,631.07,5.0,1.0,0,UPI,Monthly,1,2025-04
10437,2025-02-27,6,529.35,11.0,1.0,1,Debit Card,Yearly,0,2025-02
10438,2025-12-12,19,491.39,7.0,0.0,0,UPI,Quarterly,0,2025-12
10439,2025-08-17,16,476.5,6.0,0.0,1,Debit Card,Quarterly,0,2025-08
10440,2025-04-27,8,385.89,5.0,4.0,1,Debit Card,Monthly,0,2025-04
10441,2025-11-14,1,472.38,10.0,1.0,1,Credit Card,Quarterly,0,2025-11
10442,2025-10-06,16,549.6,8.0,1.0,1,UPI,Monthly,0,2025-10
10443,2025-05-07,9,446.77,10.0,1.0,0,UPI,Quarterly,0,2025-05
10444,2025-05-09,13,589.07,9.0,1.0,1,UPI,Monthly,1,2025-05
10445,2025-02-27,11,522.52,10.0,2.0,1,Debit Card,Quarterly,0,2025-02
10446,2025-05-02,13,537.04,9.0,1.0,0,UPI,Monthly,0,2025-05
10447,2025-01-01,21,605.64,9.0,2.0,1,Debit Card,Monthly,0,2025-01
10448,2025-08-27,10,435.79,11.0,3.0,1,Debit Card,Quarterly,0,2025-08
10449,2025-10-17,4,578.13,10.0,2.0,1,UPI,Quarterly,0,2025-10
10450,2025-04-06,6,452.62,7.0,1.0,1,Debit Card,Monthly,1,2025-04
10451,2025-05-06,7,539.74,9.0,0.0,1,Debit Card,Monthly,0,2025-05
10452,2025-04-28,5,421.51,9.0,3.0,1,Debit Card,Yearly,0,2025-04
10453,2025-02-17,11,389.72,2.0,1.0,0,UPI,Quarterly,0,2025-02
10454,2025-03-30,13,510.02,11.0,3.0,1,UPI,Monthly,0,2025-03
10455,2025-08-25,19,272.78,9.0,3.0,1,UPI,Quarterly,0,2025-08
10456,2025-09-29,23,463.45,5.0,1.0,1,UPI,Monthly,1,2025-09
10457,2025-07-08,10,306.23,2.0,1.0,1,Debit Card,Monthly,0,2025-07
10458,2025-07-11,10,592.51,6.0,0.0,1,Debit Card,Quarterly,0,2025-07
10459,2025-03-10,11,625.01,6.0,0.0,1,Net Banking,Yearly,0,2025-03
10460,2025-10-05,21,395.33,6.0,1.0,1,UPI,Quarterly,0,2025-10
10461,2025-12-15,7,550.4,8.0,1.0,1,UPI,Monthly,0,2025-12
10462,2025-09-04,18,606.9,7.0,1.0,0,Debit Card,Yearly,0,2025-09
10463,2025-03-17,4,607.3,7.0,2.0,1,UPI,Monthly,0,2025-03
10464,2025-06-03,2,524.73,6.0,1.0,1,UPI,Yearly,0,2025-06
10465,2025-05-24,14,587.12,8.0,2.0,1,Credit Card,Monthly,0,2025-05
10466,2025-03-27,13,421.08,9.0,1.0,0,UPI,Monthly,1,2025-03
10467,2025-07-04,12,508.97,8.0,2.0,1,Credit Card,Quarterly,0,2025-07
10468,2025-10-12,7,442.95,7.0,1.0,1,UPI,Monthly,0,2025-10
10469,2025-08-08,2,410.95,12.0,1.0,1,Credit Card,Quarterly,0,2025-08
10470,2025-03-10,13,503.33,8.0,1.0,0,Debit Card,Quarterly,1,2025-03
10471,2025-02-16,14,540.7,6.0,1.0,1,UPI,Monthly,0,2025-02
10472,2025-04-04,17,638.62,9.0,1.0,0,Net Banking,Quarterly,0,2025-04
10473,2025-08-26,9,530.82,7.0,1.0,1,Credit Card,Monthly,0,2025-08
10474,2025-07-23,17,576.03,8.0,2.0,0,Net Banking,Monthly,1,2025-07
10475,2025-08-06,8,577.39,9.0,2.0,0,UPI,Yearly,0,2025-08
10476,2025-12-07,2,821.5,7.0,1.0,0,Credit Card,Yearly,0,2025-12
10477,2025-02-08,13,281.8,7.0,0.0,0,Credit Card,Monthly,0,2025-02
10478,2025-04-10,3,416.45,6.0,3.0,0,Debit Card,Quarterly,0,2025-04
10479,2025-10-16,16,675.89,7.0,2.0,1,Credit Card,Monthly,0,2025-10
10480,2025-09-11,6,456.76,10.0,3.0,1,Credit Card,Quarterly,0,2025-09
10481,2025-08-10,19,605.3,10.0,0.0,1,Net Banking,Yearly,0,2025-08
10482,2025-12-23,7,526.6,7.0,3.0,1,UPI,Monthly,0,2025-12
10483,2025-01-23,10,751.62,10.0,2.0,1,UPI,Yearly,0,2025-01
10485,2025-01-10,2,645.62,8.0,1.0,0,Credit Card,Monthly,1,2025-01
10487,2025-11-21,5,377.27,7.0,3.0,1,Credit Card,Quarterly,0,2025-11
10488,2025-04-10,22,592.94,8.0,1.0,1,Net Banking,Monthly,1,2025-04
10489,2025-10-17,4,383.14,9.0,0.0,0,Debit Card,Quarterly,0,2025-10
10490,2025-06-29,20,502.62,9.0,1.0,0,UPI,Monthly,0,2025-06
10491,2025-08-11,4,468.21,10.0,4.0,0,UPI,Monthly,0,2025-08
10492,2025-09-07,18,210.67,7.0,5.0,1,Net Banking,Yearly,0,2025-09
10493,2025-05-27,4,549.91,4.0,3.0,0,Debit Card,Quarterly,0,2025-05
10494,2025-04-06,17,516.2,6.0,2.0,1,Net Banking,Yearly,0,2025-04
10495,2025-09-14,12,676.49,7.0,1.0,1,UPI,Monthly,1,2025-09
10496,2025-11-21,22,572.34,6.0,1.0,1,Debit Card,Quarterly,0,2025-11
10497,2025-01-04,17,773.91,10.0,2.0,0,Debit Card,Yearly,0,2025-01
10498,2025-01-16,10,511.85,7.0,1.0,0,UPI,Monthly,0,2025-01
10499,2025-10-07,22,486.34,15.0,0.0,1,Credit Card,Monthly,0,2025-10
10500,2025-12-02,1,476.88,5.0,0.0,1,Credit Card,Quarterly,0,2025-12
10501,2025-09-04,22,446.25,5.0,2.0,1,Credit Card,Monthly,0,2025-09
10502,2025-09-15,18,234.07,6.0,0.0,1,Debit Card,Monthly,0,2025-09
10503,2025-06-09,18,472.58,8.0,2.0,1,Debit Card,Yearly,0,2025-06
10504,2025-12-06,14,250.86,13.0,2.0,1,Net Banking,Yearly,0,2025-12
10505,2025-06-01,15,553.24,8.0,1.0,1,Debit Card,Quarterly,0,2025-06
10506,2025-06-27,12,350.19,6.0,0.0,1,Credit Card,Quarterly,1,2025-06
10507,2025-06-12,4,391.68,13.0,0.0,0,UPI,Yearly,1,2025-06
10508,2025-02-02,3,418.67,5.0,2.0,0,Debit Card,Quarterly,1,2025-02
10509,2025-06-28,20,474.41,7.0,2.0,0,Credit Card,Monthly,0,2025-06
10510,2025-04-11,12,499.82,6.0,0.0,0,UPI,Monthly,0,2025-04
10511,2025-09-25,7,629.14,6.0,2.0,1,Credit Card,Monthly,1,2025-09
10512,2025-11-19,11,429.7,7.0,1.0,0,UPI,Monthly,1,2025-11
10513,2025-03-06,1,556.62,8.0,1.0,1,Debit Card,Monthly,0,2025-03
10514,2025-06-17,6,826.7,6.0,2.0,1,UPI,Monthly,0,2025-06
10515,2025-11-26,15,544.28,9.0,2.0,0,UPI,Monthly,0,2025-11
10516,2025-02-12,15,477.34,7.0,1.0,1,Net Banking,Monthly,0,2025-02
10517,2025-02-13,19,405.5,6.0,1.0,0,Debit Card,Quarterly,0,2025-02
10518,2025-10-12,11,475.68,6.0,2.0,0,Debit Card,Monthly,0,2025-10
10519,2025-01-12,23,392.65,6.0,0.0,1,Credit Card,Quarterly,0,2025-01
10520,2025-04-05,2,531.24,5.0,3.0,1,Debit Card,Monthly,1,2025-04
10521,2025-10-29,14,511.43,7.0,3.0,1,Debit Card,Yearly,0,2025-10
10522,2025-09-10,2,239.53,4.0,1.0,0,Credit Card,Yearly,1,2025-09
10523,2025-08-30,4,496.77,12.0,4.0,1,Net Banking,Quarterly,0,2025-08
10524,2025-02-04,17,628.14,6.0,0.0,0,UPI,Quarterly,0,2025-02
10525,2025-08-03,3,451.11,10.0,0.0,0,Net Banking,Yearly,0,2025-08
10526,2025-12-03,13,420.65,4.0,3.0,1,Credit Card,Monthly,0,2025-12
10527,2025-03-31,9,333.68,8.0,3.0,0,Credit Card,Yearly,0,2025-03
10528,2025-09-21,7,276.04,2.0,1.0,1,UPI,Quarterly,0,2025-09
10529,2025-04-03,15,598.76,6.0,2.0,1,Credit Card,Quarterly,0,2025-04
10530,2025-03-31,23,477.22,9.0,4.0,1,Credit Card,Monthly,0,2025-03
10531,2025-04-25,11,591.64,6.0,0.0,0,Net Banking,Quarterly,0,2025-04
10532,2025-04-15,20,682.76,10.0,1.0,1,Net Banking,Quarterly,0,2025-04
10533,2025-07-15,2,609.55,6.0,1.0,1,Net Banking,Quarterly,0,2025-07
10534,2025-11-10,15,433.92,8.0,0.0,1,UPI,Quarterly,0,2025-11
10535,2025-04-24,14,516.38,3.0,1.0,0,Net Banking,Monthly,1,2025-04
10536,2025-03-16,20,425.23,5.0,4.0,1,Credit Card,Monthly,0,2025-03
10537,2025-08-05,22,414.01,11.0,4.0,1,Net Banking,Monthly,0,2025-08
10538,2025-10-04,11,540.14,9.0,2.0,0,UPI,Monthly,0,2025-10
10539,2025-09-06,3,399.12,7.0,0.0,0,Credit Card,Monthly,0,2025-09
10540,2025-06-13,17,233.9,8.0,1.0,1,Net Banking,Monthly,0,2025-06
10541,2025-12-23,12,392.42,4.0,0.0,1,Net Banking,Monthly,0,2025-12
10542,2025-07-11,21,462.17,12.0,0.0,1,Debit Card,Monthly,0,2025-07
10543,2025-08-15,15,681.57,11.0,1.0,0,Debit Card,Monthly,0,2025-08
10544,2025-06-26,16,440.09,6.0,2.0,1,UPI,Yearly,0,2025-06
10545,2025-04-09,5,560.43,9.0,2.0,1,Debit Card,Quarterly,0,2025-04
10546,2025-02-05,20,478.8,14.0,5.0,1,Credit Card,Quarterly,0,2025-02
10547,2025-04-06,6,646.17,8.0,5.0,0,UPI,Monthly,0,2025-04
10548,2025-06-01,19,637.85,8.0,3.0,1,UPI,Quarterly,0,2025-06
10549,2025-05-31,5,640.14,6.0,2.0,0,UPI,Quarterly,0,2025-05
10551,2025-08-12,1,523.81,6.0,1.0,1,UPI,Quarterly,0,2025-08
10552,2025-02-06,6,590.07,11.0,1.0,1,Credit Card,Quarterly,0,2025-02
10553,2025-09-25,15,544.78,5.0,3.0,1,UPI,Yearly,0,2025-09
10554,2025-07-02,2,575.39,12.0,2.0,1,Credit Card,Monthly,0,2025-07
10555,2025-01-13,3,506.0,9.0,0.0,0,Debit Card,Monthly,0,2025-01
10556,2025-10-06,17,409.63,11.0,0.0,1,Debit Card,Quarterly,0,2025-10
10557,2025-08-05,12,295.35,6.0,1.0,0,Credit Card,Monthly,0,2025-08
10558,2025-12-21,18,421.53,9.0,1.0,0,Credit Card,Monthly,1,2025-12
10559,2025-12-27,15,820.37,9.0,3.0,1,UPI,Quarterly,0,2025-12
10560,2025-10-13,12,440.72,9.0,1.0,1,Net Banking,Monthly,0,2025-10
10561,2025-09-30,16,263.87,9.0,2.0,1,UPI,Quarterly,0,2025-09
10562,2025-03-03,8,586.92,7.0,2.0,1,UPI,Yearly,0,2025-03
10563,2025-03-25,14,601.66,5.0,3.0,1,Debit Card,Monthly,1,2025-03
10564,2025-08-05,17,653.48,2.0,1.0,0,UPI,Monthly,0,2025-08
10566,2025-07-06,8,600.47,6.0,0.0,1,UPI,Monthly,0,2025-07
10567,2025-01-19,15,719.83,7.0,2.0,0,Debit Card,Monthly,0,2025-01
10568,2025-06-26,14,409.54,4.0,0.0,1,UPI,Monthly,0,2025-06
10569,2025-04-10,18,385.74,9.0,3.0,1,UPI,Monthly,0,2025-04
10570,2025-08-21,20,367.65,8.0,1.0,1,UPI,Monthly,0,2025-08
10571,2025-03-17,7,467.11,10.0,0.0,1,Debit Card,Quarterly,0,2025-03
10572,2025-09-22,3,671.01,9.0,3.0,0,Net Banking,Yearly,0,2025-09
10573,2025-10-11,12,562.37,9.0,3.0,1,Credit Card,Quarterly,0,2025-10
10574,2025-07-25,21,557.64,2.0,2.0,0,Debit Card,Quarterly,0,2025-07
10575,2025-08-11,3,280.68,6.0,0.0,1,Debit Card,Monthly,0,2025-08
10576,2025-02-21,20,415.82,7.0,0.0,0,Net Banking,Quarterly,0,2025-02
10578,2025-05-24,15,639.55,9.0,2.0,1,UPI,Monthly,0,2025-05
10579,2025-03-10,14,689.28,6.0,1.0,1,Debit Card,Yearly,0,2025-03
10580,2025-04-09,7,592.55,6.0,2.0,1,Credit Card,Monthly,0,2025-04
10581,2025-01-25,17,380.59,10.0,0.0,1,UPI,Monthly,0,2025-01
10582,2025-02-22,12,676.84,10.0,4.0,1,UPI,Yearly,0,2025-02
10583,2025-05-31,20,468.61,12.0,2.0,1,Net Banking,Yearly,0,2025-05
10584,2025-05-24,4,353.26,8.0,3.0,1,Net Banking,Monthly,0,2025-05
10585,2025-02-26,9,383.27,5.0,1.0,1,Debit Card,Monthly,0,2025-02
10586,2025-02-08,6,447.38,8.0,1.0,1,Net Banking,Quarterly,0,2025-02
10587,2025-04-19,16,504.95,8.0,2.0,1,Debit Card,Quarterly,0,2025-04
10588,2025-06-30,22,479.64,8.0,2.0,0,UPI,Monthly,1,2025-06
10589,2025-02-11,22,329.48,14.0,3.0,1,UPI,Quarterly,0,2025-02
10590,2025-07-05,21,644.6,2.0,0.0,1,UPI,Yearly,0,2025-07
10591,2025-08-11,21,480.93,7.0,1.0,1,UPI,Monthly,1,2025-08
10592,2025-05-02,2,413.35,7.0,2.0,1,UPI,Yearly,0,2025-05
10593,2025-05-13,8,632.24,5.0,1.0,1,Credit Card,Yearly,0,2025-05
10594,2025-06-12,11,356.99,7.0,2.0,1,Debit Card,Monthly,1,2025-06
10595,2025-08-03,13,303.53,8.0,2.0,1,Net Banking,Quarterly,0,2025-08
10596,2025-08-09,17,651.7,8.0,1.0,1,Credit Card,Monthly,0,2025-08
10597,2025-08-23,8,725.97,12.0,1.0,1,Net Banking,Quarterly,0,2025-08
10598,2025-11-27,21,443.55,4.0,1.0,1,Credit Card,Quarterly,0,2025-11
10599,2025-05-26,18,493.48,6.0,1.0,1,Net Banking,Monthly,0,2025-05
10600,2025-08-27,18,361.4,8.0,4.0,0,Credit Card,Quarterly,1,2025-08
10601,2025-03-17,14,499.66,9.0,2.0,1,UPI,Yearly,0,2025-03
10602,2025-01-09,15,441.92,6.0,3.0,1,Net Banking,Monthly,0,2025-01
10603,2025-03-15,6,486.74,11.0,0.0,1,UPI,Monthly,0,2025-03
10604,2025-09-10,11,548.11,6.0,1.0,1,Credit Card,Monthly,1,2025-09
10605,2025-08-18,13,367.22,9.0,1.0,1,UPI,Quarterly,0,2025-08
10606,2025-01-07,1,455.58,12.0,1.0,1,Debit Card,Yearly,0,2025-01
10607,2025-06-23,6,282.55,7.0,2.0,1,Net Banking,Yearly,0,2025-06
10608,2025-05-21,9,456.4,14.0,1.0,1,UPI,Monthly,0,2025-05
10609,2025-06-17,8,487.79,6.0,1.0,1,Net Banking,Quarterly,0,2025-06
10610,2025-06-19,11,526.48,9.0,1.0,1,UPI,Monthly,0,2025-06
10611,2025-10-10,22,527.75,8.0,2.0,1,UPI,Monthly,1,2025-10
10612,2025-05-02,19,607.47,10.0,0.0,1,UPI,Monthly,1,2025-05
10613,2025-07-13,9,314.24,9.0,2.0,1,Debit Card,Monthly,0,2025-07
10614,2025-01-05,17,320.65,5.0,2.0,1,UPI,Quarterly,0,2025-01
10615,2025-01-29,12,562.47,7.0,2.0,0,Credit Card,Yearly,1,2025-01
10617,2025-12-05,15,521.0,6.0,1.0,1,UPI,Quarterly,0,2025-12
10618,2025-05-16,16,357.36,7.0,2.0,1,Debit Card,Monthly,0,2025-05
10619,2025-12-31,22,687.74,8.0,1.0,0,UPI,Yearly,0,2025-12
10620,2025-11-17,22,529.05,6.0,3.0,1,UPI,Quarterly,0,2025-11
10621,2025-12-08,20,472.7,5.0,1.0,0,UPI,Yearly,0,2025-12
10622,2025-05-25,1,646.33,7.0,4.0,1,Credit Card,Monthly,1,2025-05
10623,2025-11-23,10,371.39,4.0,0.0,1,Debit Card,Quarterly,0,2025-11
10624,2025-08-05,8,394.19,12.0,2.0,1,UPI,Quarterly,0,2025-08
10625,2025-10-28,18,347.63,12.0,0.0,1,UPI,Monthly,0,2025-10
10626,2025-05-12,1,395.2,9.0,2.0,1,Credit Card,Quarterly,0,2025-05
10627,2025-10-19,2,506.33,7.0,2.0,0,UPI,Yearly,0,2025-10
10628,2025-03-11,1,558.27,5.0,0.0,1,Net Banking,Monthly,0,2025-03
10629,2025-09-09,1,614.37,5.0,3.0,1,Debit Card,Monthly,0,2025-09
10630,2025-10-02,9,280.03,7.0,4.0,1,Credit Card,Quarterly,0,2025-10
10631,2025-12-30,13,478.38,6.0,1.0,1,UPI,Monthly,0,2025-12
10632,2025-07-01,1,366.02,7.0,2.0,1,Debit Card,Quarterly,0,2025-07
10633,2025-06-16,13,474.37,9.0,2.0,1,Debit Card,Quarterly,0,2025-06
10634,2025-04-01,20,779.1,8.0,0.0,1,Credit Card,Monthly,1,2025-04
10635,2025-07-21,22,534.02,6.0,1.0,1,Debit Card,Yearly,0,2025-07
10636,2025-12-12,7,606.94,9.0,1.0,1,Debit Card,Quarterly,0,2025-12
10637,2025-01-19,2,734.28,8.0,3.0,0,Credit Card,Yearly,0,2025-01
10638,2025-02-08,6,634.28,5.0,0.0,1,UPI,Quarterly,1,2025-02
10639,2025-05-06,7,445.25,9.0,3.0,1,Debit Card,Yearly,0,2025-05
10641,2025-05-21,18,495.38,8.0,2.0,0,Debit Card,Monthly,1,2025-05
10642,2025-08-30,15,430.88,6.0,2.0,0,Debit Card,Monthly,1,2025-08
10643,2025-08-08,2,316.06,7.0,2.0,1,Debit Card,Monthly,0,2025-08
10644,2025-05-06,10,527.91,8.0,1.0,1,Credit Card,Yearly,0,2025-05
10645,2025-02-27,23,530.91,5.0,0.0,1,UPI,Monthly,1,2025-02
10646,2025-05-28,12,711.29,8.0,4.0,0,UPI,Yearly,0,2025-05
10647,2025-11-13,17,455.59,5.0,0.0,1,Debit Card,Monthly,0,2025-11
10649,2025-01-01,11,419.14,11.0,0.0,0,Debit Card,Yearly,0,2025-01
10651,2025-07-09,6,484.05,6.0,4.0,1,Net Banking,Quarterly,0,2025-07
10652,2025-07-10,9,358.29,11.0,2.0,1,Net Banking,Monthly,0,2025-07
10653,2025-11-08,6,497.38,7.0,1.0,1,Credit Card,Yearly,0,2025-11
10654,2025-04-27,9,545.86,10.0,1.0,0,Credit Card,Quarterly,0,2025-04
10655,2025-05-14,7,529.63,8.0,1.0,1,Debit Card,Quarterly,0,2025-05
10656,2025-02-27,9,624.51,9.0,0.0,0,Debit Card,Monthly,0,2025-02
10657,2025-02-13,18,325.23,7.0,3.0,0,Net Banking,Monthly,1,2025-02
10658,2025-06-22,12,397.87,7.0,0.0,1,UPI,Yearly,0,2025-06
10659,2025-06-09,8,575.77,12.0,0.0,1,Credit Card,Yearly,0,2025-06
10660,2025-06-22,8,411.97,3.0,2.0,0,Debit Card,Monthly,0,2025-06
10661,2025-11-13,18,527.86,6.0,4.0,0,Net Banking,Monthly,0,2025-11
10662,2025-10-30,20,208.63,9.0,1.0,1,Net Banking,Monthly,0,2025-10
10663,2025-05-29,15,824.91,8.0,1.0,1,Net Banking,Monthly,0,2025-05
10665,2025-08-01,11,642.27,7.0,0.0,1,Debit Card,Monthly,0,2025-08
10666,2025-07-22,20,458.57,9.0,3.0,0,Credit Card,Monthly,0,2025-07
10667,2025-09-09,16,548.76,11.0,0.0,1,Credit Card,Quarterly,0,2025-09
10668,2025-08-17,4,678.03,8.0,1.0,0,UPI,Monthly,0,2025-08
10669,2025-06-13,6,638.9,7.0,2.0,1,Debit Card,Quarterly,0,2025-06
10670,2025-08-15,22,474.47,8.0,2.0,0,Net Banking,Yearly,0,2025-08
10671,2025-05-27,3,482.77,15.0,1.0,1,UPI,Monthly,0,2025-05
10672,2025-01-20,9,619.43,14.0,0.0,1,UPI,Quarterly,0,2025-01
10673,2025-02-16,10,778.99,10.0,3.0,1,Debit Card,Monthly,0,2025-02
10674,2025-08-21,14,522.07,6.0,2.0,0,Credit Card,Monthly,1,2025-08
10675,2025-11-01,11,733.85,13.0,2.0,1,Net Banking,Monthly,0,2025-11
10676,2025-01-14,18,470.03,4.0,3.0,1,UPI,Monthly,1,2025-01
10677,2025-05-23,22,613.24,4.0,3.0,1,UPI,Monthly,1,2025-05
10678,2025-01-01,12,631.14,7.0,1.0,1,Credit Card,Monthly,0,2025-01
10679,2025-02-23,23,449.8,10.0,3.0,1,UPI,Yearly,0,2025-02
10680,2025-09-16,12,409.35,13.0,1.0,1,UPI,Quarterly,0,2025-09
10681,2025-05-24,13,636.45,6.0,3.0,1,UPI,Yearly,1,2025-05
10682,2025-01-12,13,435.21,10.0,1.0,1,UPI,Quarterly,0,2025-01
10683,2025-11-26,19,391.68,5.0,3.0,0,UPI,Monthly,0,2025-11
10684,2025-08-12,19,416.92,11.0,2.0,0,Net Banking,Monthly,0,2025-08
10685,2025-09-29,23,434.73,6.0,3.0,1,UPI,Monthly,1,2025-09
10686,2025-12-24,14,601.79,8.0,0.0,1,Credit Card,Monthly,0,2025-12
10687,2025-06-05,4,560.81,4.0,0.0,1,Net Banking,Quarterly,0,2025-06
10688,2025-01-08,13,584.88,8.0,1.0,1,Debit Card,Quarterly,0,2025-01
10689,2025-05-02,8,549.57,9.0,1.0,1,Credit Card,Monthly,1,2025-05
10690,2025-12-14,23,427.74,11.0,1.0,1,Debit Card,Monthly,0,2025-12
10691,2025-06-13,21,582.65,8.0,2.0,1,Debit Card,Monthly,0,2025-06
10693,2025-05-16,19,569.14,9.0,1.0,1,Credit Card,Monthly,0,2025-05
10694,2025-07-05,12,552.96,13.0,3.0,1,Net Banking,Quarterly,0,2025-07
10695,2025-11-12,18,406.95,10.0,1.0,1,Credit Card,Monthly,0,2025-11
10696,2025-06-27,6,524.42,9.0,2.0,1,UPI,Quarterly,0,2025-06
10697,2025-01-28,18,400.57,8.0,3.0,1,Net Banking,Monthly,1,2025-01
10698,2025-08-08,19,496.12,7.0,2.0,1,Credit Card,Monthly,1,2025-08
10699,2025-12-23,22,302.17,12.0,1.0,1,Net Banking,Yearly,0,2025-12
10701,2025-08-16,9,476.07,6.0,4.0,0,UPI,Monthly,1,2025-08
10702,2025-07-11,3,433.19,6.0,1.0,1,Net Banking,Yearly,0,2025-07
10703,2025-05-25,10,511.81,6.0,0.0,1,UPI,Monthly,0,2025-05
10704,2025-07-20,19,482.83,13.0,2.0,0,Net Banking,Monthly,1,2025-07
10705,2025-07-31,3,502.62,6.0,1.0,1,Net Banking,Quarterly,0,2025-07
10706,2025-08-08,22,572.03,6.0,3.0,0,Net Banking,Quarterly,0,2025-08
10707,2025-08-28,15,443.41,9.0,1.0,0,Credit Card,Monthly,0,2025-08
10708,2025-02-15,1,472.67,8.0,1.0,1,Credit Card,Monthly,0,2025-02
10709,2025-02-04,7,673.6,14.0,0.0,1,Net Banking,Yearly,0,2025-02
10710,2025-09-10,12,499.37,6.0,1.0,0,Debit Card,Monthly,1,2025-09
10711,2025-03-23,17,477.49,4.0,0.0,1,Credit Card,Monthly,0,2025-03
10712,2025-09-13,21,508.9,9.0,2.0,0,Net Banking,Quarterly,0,2025-09
10713,2025-07-16,20,479.64,7.0,1.0,1,Debit Card,Yearly,0,2025-07
10714,2025-10-30,5,413.85,8.0,1.0,0,Net Banking,Monthly,1,2025-10
10715,2025-01-10,4,379.24,8.0,1.0,0,UPI,Quarterly,0,2025-01
10716,2025-11-08,12,407.39,10.0,2.0,1,UPI,Quarterly,0,2025-11
10717,2025-10-13,20,603.75,6.0,1.0,1,Credit Card,Monthly,0,2025-10
10718,2025-08-30,18,423.41,4.0,1.0,0,UPI,Quarterly,0,2025-08
10722,2025-04-29,4,575.0,7.0,3.0,0,UPI,Yearly,0,2025-04
10723,2025-10-16,21,314.1,8.0,1.0,1,Credit Card,Quarterly,1,2025-10
10724,2025-03-06,2,483.1,4.0,1.0,1,UPI,Monthly,0,2025-03
10725,2025-05-26,4,508.47,7.0,1.0,1,Credit Card,Quarterly,0,2025-05
10726,2025-08-12,2,501.78,12.0,3.0,1,UPI,Quarterly,0,2025-08
10727,2025-08-27,15,300.65,8.0,3.0,1,UPI,Quarterly,1,2025-08
10728,2025-06-26,2,643.37,6.0,0.0,1,Debit Card,Yearly,0,2025-06
10729,2025-09-24,4,396.44,5.0,0.0,0,UPI,Monthly,1,2025-09
10730,2025-12-07,6,539.2,8.0,2.0,1,UPI,Monthly,0,2025-12
10731,2025-10-09,7,499.96,9.0,3.0,1,Debit Card,Quarterly,0,2025-10
10732,2025-03-04,10,619.45,4.0,1.0,1,UPI,Monthly,1,2025-03
10733,2025-08-05,19,761.5,9.0,0.0,1,Credit Card,Quarterly,0,2025-08
10734,2025-12-08,19,344.16,6.0,0.0,0,UPI,Monthly,0,2025-12
10735,2025-11-11,22,421.13,11.0,1.0,1,UPI,Monthly,0,2025-11
10736,2025-10-10,12,521.69,9.0,0.0,1,Debit Card,Monthly,0,2025-10
10737,2025-06-26,3,366.36,8.0,0.0,0,UPI,Quarterly,0,2025-06
10738,2025-04-08,13,592.86,8.0,0.0,1,Net Banking,Quarterly,0,2025-04
10739,2025-04-15,18,600.2,7.0,2.0,1,Net Banking,Monthly,0,2025-04
10740,2025-04-09,8,566.13,7.0,1.0,1,UPI,Monthly,0,2025-04
10741,2025-11-07,21,527.39,7.0,0.0,0,Net Banking,Monthly,0,2025-11
10742,2025-01-06,15,663.37,7.0,1.0,1,UPI,Quarterly,0,2025-01
10743,2025-07-16,1,360.32,12.0,4.0,0,UPI,Monthly,1,2025-07
10744,2025-12-17,3,506.83,11.0,1.0,1,UPI,Quarterly,0,2025-12
10745,2025-05-13,8,410.34,7.0,1.0,1,Credit Card,Quarterly,0,2025-05
10746,2025-12-24,4,605.79,4.0,2.0,1,Credit Card,Monthly,0,2025-12
10747,2025-09-16,16,279.0,14.0,1.0,0,UPI,Quarterly,0,2025-09
10748,2025-01-23,23,495.63,10.0,3.0,1,Debit Card,Monthly,0,2025-01
10749,2025-02-22,10,539.23,11.0,0.0,1,Debit Card,Quarterly,0,2025-02
10750,2025-06-14,12,385.3,5.0,1.0,0,UPI,Monthly,0,2025-06
10751,2025-07-21,14,423.86,13.0,0.0,1,Debit Card,Monthly,0,2025-07
10752,2025-03-24,14,500.85,8.0,2.0,1,Net Banking,Quarterly,0,2025-03
10753,2025-05-25,2,613.61,5.0,0.0,1,UPI,Monthly,0,2025-05
10754,2025-03-26,23,375.06,7.0,1.0,0,UPI,Quarterly,1,2025-03
10755,2025-03-19,5,395.99,8.0,2.0,0,Credit Card,Quarterly,0,2025-03
10756,2025-01-01,5,634.07,10.0,0.0,1,Credit Card,Quarterly,0,2025-01
10757,2025-02-20,6,466.24,5.0,0.0,1,Credit Card,Monthly,0,2025-02
10758,2025-06-22,13,405.7,5.0,2.0,0,UPI,Quarterly,1,2025-06
10759,2025-07-24,9,586.44,4.0,0.0,1,Debit Card,Quarterly,0,2025-07
10760,2025-09-17,22,440.42,5.0,0.0,0,Credit Card,Monthly,0,2025-09
10761,2025-10-15,15,622.29,12.0,2.0,1,Credit Card,Quarterly,0,2025-10
10762,2025-02-03,14,419.35,2.0,3.0,1,UPI,Yearly,0,2025-02
10763,2025-12-14,7,479.85,7.0,0.0,1,Credit Card,Monthly,0,2025-12
10764,2025-04-05,20,612.4,9.0,0.0,1,UPI,Yearly,0,2025-04
10765,2025-03-13,2,471.85,9.0,3.0,0,Credit Card,Monthly,0,2025-03
10766,2025-02-08,7,589.73,7.0,1.0,1,Net Banking,Monthly,1,2025-02
10767,2025-06-03,6,491.13,10.0,1.0,1,Credit Card,Monthly,0,2025-06
10768,2025-09-07,17,736.8,8.0,0.0,1,UPI,Quarterly,0,2025-09
10769,2025-06-11,2,687.25,10.0,1.0,1,Credit Card,Monthly,0,2025-06
10770,2025-04-28,3,339.63,10.0,1.0,1,Debit Card,Yearly,0,2025-04
10771,2025-09-16,5,561.67,3.0,3.0,0,Debit Card,Yearly,0,2025-09
10772,2025-11-02,5,401.03,4.0,4.0,1,Credit Card,Quarterly,1,2025-11
10773,2025-09-25,1,521.98,7.0,1.0,0,UPI,Monthly,1,2025-09
10774,2025-02-23,8,507.2,7.0,3.0,0,Credit Card,Yearly,0,2025-02
10775,2025-08-24,12,372.35,8.0,1.0,1,Credit Card,Yearly,0,2025-08
10776,2025-08-10,4,626.02,4.0,1.0,1,Net Banking,Monthly,1,2025-08
10777,2025-09-08,13,523.4,9.0,1.0,1,Credit Card,Quarterly,0,2025-09
10778,2025-11-09,23,464.84,13.0,2.0,0,Debit Card,Quarterly,0,2025-11
10779,2025-04-22,15,446.43,8.0,0.0,1,Credit Card,Quarterly,0,2025-04
10780,2025-09-12,11,515.77,9.0,1.0,0,UPI,Monthly,0,2025-09
10781,2025-10-30,10,547.95,10.0,2.0,0,Debit Card,Monthly,0,2025-10
10782,2025-07-26,3,484.0,5.0,1.0,0,Credit Card,Monthly,0,2025-07
10784,2025-12-07,14,501.03,5.0,1.0,1,Credit Card,Quarterly,0,2025-12
10785,2025-03-07,16,326.02,10.0,2.0,0,UPI,Yearly,0,2025-03
10786,2025-03-16,10,473.87,7.0,1.0,0,Debit Card,Yearly,0,2025-03
10787,2025-04-13,10,330.45,9.0,0.0,1,UPI,Quarterly,1,2025-04
10788,2025-07-11,12,329.02,11.0,0.0,1,UPI,Quarterly,0,2025-07
10789,2025-09-09,9,647.21,7.0,1.0,1,UPI,Monthly,0,2025-09
10790,2025-08-14,1,460.59,8.0,1.0,0,Debit Card,Quarterly,1,2025-08
10791,2025-10-21,5,451.4,9.0,0.0,0,Credit Card,Monthly,1,2025-10
10792,2025-11-02,20,556.9,9.0,1.0,1,UPI,Monthly,0,2025-11
10793,2025-04-08,8,454.53,5.0,2.0,1,Credit Card,Quarterly,1,2025-04
10794,2025-12-04,11,751.46,10.0,1.0,1,Credit Card,Monthly,0,2025-12
10795,2025-10-13,12,466.24,8.0,3.0,1,Net Banking,Monthly,0,2025-10
10796,2025-12-01,1,542.82,11.0,3.0,0,Credit Card,Yearly,0,2025-12
10797,2025-12-13,22,615.51,8.0,0.0,1,Debit Card,Monthly,0,2025-12
10798,2025-11-04,20,691.27,5.0,1.0,1,UPI,Monthly,0,2025-11
10799,2025-09-06,11,409.96,9.0,1.0,1,Debit Card,Monthly,0,2025-09
10800,2025-06-15,5,448.84,9.0,0.0,1,Debit Card,Monthly,0,2025-06
10801,2025-12-01,15,651.95,9.0,0.0,1,Net Banking,Monthly,0,2025-12
10802,2025-01-30,5,596.21,5.0,1.0,0,UPI,Quarterly,0,2025-01
10803,2025-09-04,12,628.02,10.0,0.0,0,Credit Card,Monthly,0,2025-09
10805,2025-02-20,17,684.76,9.0,1.0,0,UPI,Monthly,1,2025-02
10807,2025-05-13,12,522.08,8.0,5.0,1,Net Banking,Quarterly,0,2025-05
10808,2025-10-12,15,481.21,10.0,1.0,1,Credit Card,Quarterly,0,2025-10
10809,2025-05-18,15,393.58,10.0,1.0,0,Net Banking,Quarterly,0,2025-05
10810,2025-07-03,6,329.5,3.0,2.0,1,UPI,Yearly,0,2025-07
10811,2025-11-26,12,289.74,14.0,0.0,0,Debit Card,Monthly,1,2025-11
10812,2025-09-30,20,513.28,11.0,2.0,0,Credit Card,Monthly,1,2025-09
10813,2025-12-06,18,315.96,8.0,1.0,1,Credit Card,Yearly,0,2025-12
10814,2025-03-10,14,362.94,8.0,1.0,1,Net Banking,Monthly,0,2025-03
10815,2025-02-03,2,472.84,8.0,1.0,0,UPI,Monthly,1,2025-02
10816,2025-09-19,9,199.0,9.0,1.0,1,Net Banking,Monthly,1,2025-09
10817,2025-02-22,5,592.48,12.0,1.0,1,Debit Card,Quarterly,0,2025-02
10818,2025-07-24,20,209.81,13.0,1.0,0,UPI,Monthly,0,2025-07
10819,2025-05-06,1,489.72,11.0,1.0,0,Net Banking,Monthly,0,2025-05
10820,2025-08-23,23,500.8,7.0,3.0,1,Credit Card,Monthly,1,2025-08
10821,2025-02-12,3,563.57,7.0,1.0,1,Debit Card,Quarterly,0,2025-02
10822,2025-08-28,6,494.0,5.0,0.0,0,UPI,Monthly,0,2025-08
10823,2025-04-21,5,741.15,6.0,3.0,0,Net Banking,Monthly,0,2025-04
10824,2025-09-06,21,524.96,3.0,0.0,1,Credit Card,Quarterly,0,2025-09
10825,2025-05-31,5,625.43,9.0,3.0,1,UPI,Yearly,0,2025-05
10826,2025-07-02,1,412.18,13.0,2.0,0,Credit Card,Quarterly,0,2025-07
10827,2025-12-02,17,513.49,7.0,1.0,1,UPI,Quarterly,0,2025-12
10828,2025-04-05,19,684.71,7.0,2.0,0,Credit Card,Monthly,1,2025-04
10829,2025-01-08,14,470.48,11.0,4.0,0,UPI,Monthly,1,2025-01
10830,2025-12-26,12,522.07,6.0,1.0,0,UPI,Monthly,1,2025-12
10831,2025-07-03,10,616.7,9.0,0.0,1,UPI,Yearly,0,2025-07
10832,2025-10-08,20,409.93,13.0,4.0,1,Credit Card,Monthly,0,2025-10
10833,2025-07-14,21,239.61,11.0,2.0,1,Credit Card,Yearly,0,2025-07
10834,2025-12-18,18,529.67,11.0,3.0,1,Credit Card,Yearly,0,2025-12
10835,2025-07-14,11,617.64,8.0,3.0,1,UPI,Monthly,1,2025-07
10836,2025-06-04,2,336.83,12.0,4.0,0,Debit Card,Monthly,1,2025-06
10837,2025-04-03,18,579.43,12.0,0.0,0,Debit Card,Monthly,0,2025-04
10838,2025-06-09,7,580.24,15.0,1.0,1,UPI,Monthly,0,2025-06
10839,2025-03-02,15,226.18,4.0,1.0,1,Net Banking,Monthly,0,2025-03
10840,2025-05-02,11,386.65,6.0,1.0,1,Credit Card,Yearly,0,2025-05
10841,2025-02-20,18,451.5,5.0,1.0,0,Debit Card,Monthly,0,2025-02
10842,2025-10-04,23,477.45,8.0,0.0,1,UPI,Monthly,0,2025-10
10843,2025-01-05,12,409.82,10.0,1.0,1,UPI,Monthly,1,2025-01
10845,2025-06-19,20,699.58,7.0,5.0,1,Debit Card,Quarterly,1,2025-06
10846,2025-11-13,23,486.09,3.0,1.0,1,UPI,Yearly,0,2025-11
10847,2025-01-22,13,415.59,10.0,2.0,0,UPI,Yearly,0,2025-01
10849,2025-01-01,16,563.45,8.0,2.0,0,Debit Card,Monthly,0,2025-01
10850,2025-05-13,18,505.2,9.0,3.0,0,Net Banking,Monthly,0,2025-05
10851,2025-08-21,10,474.31,7.0,2.0,1,UPI,Monthly,0,2025-08
10852,2025-01-12,23,421.0,7.0,1.0,0,Credit Card,Quarterly,0,2025-01
10853,2025-12-12,8,419.54,10.0,1.0,0,UPI,Monthly,0,2025-12
10854,2025-02-15,18,427.26,6.0,2.0,1,UPI,Monthly,1,2025-02
10855,2025-02-03,21,539.66,6.0,1.0,1,UPI,Quarterly,0,2025-02
10856,2025-03-19,1,379.7,8.0,3.0,1,Net Banking,Quarterly,1,2025-03
10857,2025-08-06,23,546.19,11.0,4.0,1,Credit Card,Quarterly,0,2025-08
10858,2025-10-28,8,668.56,8.0,2.0,1,Debit Card,Monthly,1,2025-10
10859,2025-03-14,6,538.08,11.0,1.0,0,UPI,Yearly,0,2025-03
10860,2025-10-09,5,454.65,8.0,0.0,1,UPI,Quarterly,0,2025-10
10862,2025-02-16,22,688.37,6.0,1.0,0,UPI,Quarterly,1,2025-02
10864,2025-08-02,2,600.83,7.0,0.0,1,UPI,Monthly,0,2025-08
10865,2025-08-27,1,575.62,7.0,0.0,1,UPI,Monthly,0,2025-08
10866,2025-02-25,23,470.59,3.0,1.0,0,UPI,Monthly,1,2025-02
10867,2025-12-16,23,467.44,11.0,3.0,0,UPI,Monthly,1,2025-12
10868,2025-04-17,11,278.71,7.0,1.0,1,Debit Card,Yearly,0,2025-04
10869,2025-11-15,10,538.61,6.0,1.0,1,Credit Card,Monthly,1,2025-11
10870,2025-02-17,18,573.39,11.0,1.0,0,Debit Card,Quarterly,1,2025-02
10871,2025-03-02,18,368.31,2.0,2.0,1,Debit Card,Quarterly,1,2025-03
10872,2025-12-03,17,480.3,7.0,5.0,0,UPI,Quarterly,0,2025-12
10873,2025-01-26,8,503.54,9.0,2.0,0,UPI,Monthly,0,2025-01
10874,2025-10-19,15,569.15,8.0,3.0,1,Debit Card,Monthly,1,2025-10
10875,2025-09-14,8,499.46,12.0,3.0,0,Debit Card,Monthly,0,2025-09
10876,2025-01-08,17,303.84,6.0,1.0,0,UPI,Monthly,1,2025-01
10877,2025-04-23,12,435.41,13.0,2.0,0,UPI,Monthly,1,2025-04
10878,2025-12-21,8,525.96,11.0,1.0,1,UPI,Yearly,0,2025-12
10879,2025-09-10,14,599.98,12.0,0.0,0,UPI,Monthly,0,2025-09
10881,2025-07-26,1,761.52,14.0,5.0,1,UPI,Monthly,1,2025-07
10882,2025-10-30,1,271.66,4.0,1.0,1,Credit Card,Quarterly,0,2025-10
10883,2025-05-07,19,431.36,12.0,2.0,0,UPI,Yearly,0,2025-05
10884,2025-02-25,16,489.04,5.0,1.0,1,UPI,Monthly,1,2025-02
10886,2025-01-14,21,351.14,12.0,5.0,1,Credit Card,Quarterly,0,2025-01
10887,2025-01-28,16,552.74,9.0,0.0,1,Net Banking,Yearly,0,2025-01
10888,2025-03-19,5,543.53,10.0,1.0,0,UPI,Quarterly,0,2025-03
10889,2025-08-04,9,504.76,9.0,2.0,1,Debit Card,Monthly,0,2025-08
10890,2025-12-31,2,538.82,8.0,1.0,0,UPI,Monthly,0,2025-12
10892,2025-01-14,6,304.92,7.0,2.0,1,UPI,Quarterly,0,2025-01
10893,2025-07-06,9,413.0,10.0,4.0,1,UPI,Yearly,0,2025-07
10894,2025-11-08,1,517.85,7.0,2.0,0,Net Banking,Quarterly,1,2025-11
10895,2025-01-07,9,518.53,16.0,0.0,0,Credit Card,Monthly,1,2025-01
10896,2025-01-03,16,503.97,7.0,1.0,0,Net Banking,Yearly,0,2025-01
10897,2025-04-21,13,564.84,12.0,2.0,1,UPI,Quarterly,0,2025-04
10898,2025-08-26,9,429.26,5.0,1.0,1,UPI,Monthly,0,2025-08
10899,2025-12-29,21,502.2,7.0,3.0,0,Credit Card,Monthly,1,2025-12
10901,2025-10-01,9,488.81,8.0,4.0,1,Credit Card,Yearly,0,2025-10
10902,2025-10-21,11,349.8,11.0,2.0,1,Net Banking,Yearly,0,2025-10
10904,2025-01-15,2,598.7,9.0,3.0,1,Debit Card,Monthly,0,2025-01
10905,2025-07-11,6,666.1,7.0,0.0,0,UPI,Quarterly,0,2025-07
10906,2025-04-29,14,640.03,5.0,1.0,1,UPI,Yearly,0,2025-04
10907,2025-01-28,4,526.86,8.0,3.0,0,Credit Card,Quarterly,0,2025-01
10908,2025-07-21,6,354.62,4.0,0.0,1,Credit Card,Quarterly,0,2025-07
10909,2025-02-08,19,498.24,4.0,4.0,0,UPI,Monthly,1,2025-02
10910,2025-09-30,6,686.47,4.0,0.0,1,UPI,Quarterly,0,2025-09
10911,2025-08-19,2,573.22,12.0,4.0,1,Credit Card,Monthly,0,2025-08
10912,2025-03-27,18,474.1,6.0,2.0,1,Credit Card,Yearly,0,2025-03
10913,2025-05-06,13,574.44,9.0,2.0,1,UPI,Monthly,0,2025-05
10914,2025-10-27,9,346.67,8.0,2.0,1,UPI,Yearly,0,2025-10
10915,2025-01-25,23,415.52,4.0,1.0,1,UPI,Monthly,1,2025-01
10916,2025-05-25,19,368.9,10.0,1.0,1,Net Banking,Yearly,0,2025-05
10917,2025-01-13,13,555.35,13.0,0.0,1,Net Banking,Monthly,0,2025-01
10918,2025-07-31,11,584.69,7.0,4.0,0,Credit Card,Monthly,0,2025-07
10919,2025-01-25,1,480.54,6.0,1.0,1,Net Banking,Quarterly,0,2025-01
10920,2025-03-09,22,394.25,11.0,0.0,1,Debit Card,Monthly,0,2025-03
10921,2025-03-08,7,496.63,6.0,1.0,1,UPI,Yearly,0,2025-03
10922,2025-08-21,21,440.61,8.0,1.0,1,UPI,Quarterly,0,2025-08
10923,2025-04-19,15,403.46,6.0,1.0,1,Net Banking,Quarterly,0,2025-04
10925,2025-04-21,12,408.04,7.0,1.0,0,Debit Card,Yearly,0,2025-04
10926,2025-08-16,7,311.04,5.0,2.0,0,Net Banking,Quarterly,1,2025-08
10927,2025-04-21,15,337.71,8.0,3.0,0,Credit Card,Yearly,0,2025-04
10928,2025-02-03,21,306.61,5.0,1.0,1,UPI,Monthly,0,2025-02
10929,2025-04-21,19,528.7,12.0,0.0,0,UPI,Monthly,1,2025-04
10930,2025-09-21,1,517.05,11.0,2.0,0,UPI,Quarterly,0,2025-09
10931,2025-08-24,17,511.06,11.0,2.0,0,UPI,Monthly,0,2025-08
10932,2025-03-24,17,569.53,8.0,1.0,1,Credit Card,Monthly,0,2025-03
10934,2025-04-11,12,427.93,9.0,1.0,0,UPI,Monthly,0,2025-04
10935,2025-01-06,6,547.78,12.0,2.0,1,Credit Card,Yearly,0,2025-01
10936,2025-06-29,11,309.45,14.0,0.0,1,UPI,Quarterly,0,2025-06
10937,2025-10-09,3,664.45,4.0,4.0,0,Credit Card,Yearly,1,2025-10
10938,2025-11-16,8,349.62,6.0,0.0,1,Credit Card,Quarterly,0,2025-11
10939,2025-08-14,14,413.79,11.0,4.0,1,Credit Card,Monthly,0,2025-08
10940,2025-11-11,14,427.27,9.0,3.0,0,Net Banking,Monthly,1,2025-11
10941,2025-12-31,10,315.85,10.0,1.0,0,UPI,Monthly,0,2025-12
10942,2025-08-17,2,502.91,5.0,0.0,1,UPI,Yearly,0,2025-08
10943,2025-10-16,14,524.67,4.0,1.0,1,Net Banking,Monthly,0,2025-10
10944,2025-05-30,9,476.27,5.0,1.0,0,Credit Card,Monthly,1,2025-05
10945,2025-10-04,3,314.17,8.0,3.0,1,Debit Card,Yearly,0,2025-10
10946,2025-07-17,21,737.01,12.0,3.0,1,UPI,Quarterly,0,2025-07
10947,2025-03-11,8,564.91,6.0,0.0,1,Debit Card,Monthly,0,2025-03
10948,2025-04-22,16,815.11,16.0,1.0,0,Net Banking,Monthly,1,2025-04
10949,2025-01-04,2,402.39,5.0,2.0,1,Credit Card,Yearly,0,2025-01
10950,2025-12-16,6,613.95,7.0,1.0,0,UPI,Yearly,0,2025-12
10951,2025-11-27,21,592.51,10.0,3.0,1,Net Banking,Monthly,0,2025-11
10952,2025-11-14,12,464.13,7.0,2.0,1,Debit Card,Monthly,1,2025-11
10953,2025-12-16,5,668.33,10.0,2.0,1,Debit Card,Yearly,0,2025-12
10954,2025-04-05,2,450.35,6.0,0.0,1,UPI,Quarterly,0,2025-04
10955,2025-06-01,16,455.69,8.0,1.0,1,Debit Card,Yearly,0,2025-06
10956,2025-11-07,5,199.0,10.0,2.0,1,UPI,Quarterly,0,2025-11
10957,2025-05-17,15,548.08,5.0,1.0,1,UPI,Yearly,1,2025-05
10958,2025-09-04,12,339.94,6.0,1.0,0,Credit Card,Monthly,1,2025-09
10959,2025-08-31,4,432.91,10.0,1.0,1,UPI,Monthly,0,2025-08
10960,2025-01-31,15,375.85,3.0,6.0,0,Debit Card,Quarterly,1,2025-01
10961,2025-02-09,11,455.05,1.0,0.0,1,Credit Card,Quarterly,1,2025-02
10962,2025-08-17,16,552.27,5.0,0.0,1,UPI,Yearly,0,2025-08
10963,2025-02-05,23,500.34,14.0,2.0,1,Debit Card,Monthly,0,2025-02
10964,2025-08-11,6,584.16,8.0,5.0,0,Net Banking,Yearly,0,2025-08
10965,2025-01-06,14,650.88,7.0,1.0,1,UPI,Monthly,0,2025-01
10966,2025-11-18,18,454.74,7.0,1.0,1,Credit Card,Quarterly,0,2025-11
10967,2025-08-08,12,441.57,11.0,3.0,0,UPI,Monthly,0,2025-08
10968,2025-03-16,11,613.93,8.0,1.0,1,Credit Card,Quarterly,0,2025-03
10969,2025-01-04,13,623.45,2.0,0.0,1,UPI,Quarterly,0,2025-01
10971,2025-05-14,23,384.74,9.0,0.0,1,UPI,Monthly,0,2025-05
10972,2025-04-28,11,549.72,5.0,1.0,1,Net Banking,Quarterly,0,2025-04
10973,2025-04-04,23,512.14,11.0,3.0,1,Credit Card,Yearly,0,2025-04
10976,2025-12-01,21,299.01,9.0,2.0,1,Credit Card,Monthly,0,2025-12
10977,2025-07-22,15,581.83,9.0,2.0,1,UPI,Yearly,0,2025-07
10978,2025-01-26,4,199.0,7.0,1.0,0,UPI,Monthly,1,2025-01
10979,2025-06-22,11,411.22,5.0,2.0,0,Credit Card,Monthly,1,2025-06
10980,2025-10-27,19,376.22,6.0,1.0,1,UPI,Quarterly,0,2025-10
10982,2025-11-22,4,409.12,13.0,0.0,0,Credit Card,Monthly,0,2025-11
10983,2025-04-28,21,645.08,7.0,3.0,1,Debit Card,Yearly,0,2025-04
10984,2025-11-20,13,597.47,8.0,2.0,0,UPI,Quarterly,0,2025-11
10985,2025-10-02,22,468.79,2.0,1.0,1,UPI,Quarterly,1,2025-10
10986,2025-07-31,19,635.03,8.0,0.0,1,UPI,Monthly,0,2025-07
10987,2025-08-13,2,371.52,4.0,2.0,1,Net Banking,Yearly,0,2025-08
10988,2025-01-20,14,355.21,10.0,1.0,1,Debit Card,Monthly,0,2025-01
10989,2025-04-23,4,602.63,11.0,1.0,1,Credit Card,Monthly,0,2025-04
10990,2025-05-20,16,568.56,7.0,1.0,0,Net Banking,Monthly,1,2025-05
10991,2025-02-16,21,443.77,11.0,2.0,0,Credit Card,Quarterly,1,2025-02
10992,2025-01-01,20,362.74,10.0,3.0,1,Net Banking,Quarterly,0,2025-01
10993,2025-03-31,14,674.17,11.0,3.0,1,UPI,Quarterly,0,2025-03
10994,2025-05-22,15,292.59,12.0,0.0,1,UPI,Monthly,0,2025-05
10995,2025-11-16,3,427.19,7.0,2.0,1,Credit Card,Quarterly,0,2025-11
10996,2025-02-07,8,526.43,7.0,3.0,1,UPI,Quarterly,0,2025-02
10997,2025-10-20,16,715.26,8.0,3.0,0,Credit Card,Monthly,0,2025-10
10998,2025-05-19,10,544.97,10.0,2.0,1,UPI,Yearly,0,2025-05
10999,2025-12-22,4,556.64,11.0,1.0,1,Credit Card,Monthly,0,2025-12
11000,2025-11-29,18,430.67,10.0,2.0,1,UPI,Quarterly,0,2025-11
11001,2025-09-16,2,567.22,9.0,2.0,1,UPI,Monthly,0,2025-09
11002,2025-06-10,17,511.64,3.0,1.0,1,Net Banking,Quarterly,0,2025-06
11003,2025-06-27,13,308.38,7.0,1.0,1,Net Banking,Yearly,0,2025-06
11004,2025-01-10,4,594.15,3.0,1.0,1,Net Banking,Yearly,0,2025-01
11005,2025-09-18,11,615.45,10.0,3.0,1,Debit Card,Monthly,0,2025-09
11006,2025-05-18,7,595.4,7.0,1.0,1,Debit Card,Monthly,1,2025-05
11007,2025-06-21,12,503.0,6.0,0.0,1,Credit Card,Monthly,0,2025-06
11008,2025-01-13,10,384.26,11.0,1.0,1,UPI,Yearly,0,2025-01
11009,2025-06-17,7,221.9,7.0,5.0,0,UPI,Quarterly,0,2025-06
11010,2025-05-10,13,517.85,12.0,0.0,1,UPI,Monthly,0,2025-05
11012,2025-11-17,17,618.46,8.0,1.0,1,UPI,Yearly,0,2025-11
11013,2025-11-15,10,596.93,8.0,3.0,0,Net Banking,Quarterly,1,2025-11
11014,2025-04-11,10,490.09,4.0,1.0,1,Credit Card,Monthly,0,2025-04
11015,2025-11-25,4,629.5,11.0,1.0,1,Debit Card,Monthly,0,2025-11
11016,2025-09-30,20,609.9,7.0,1.0,0,UPI,Monthly,1,2025-09
11017,2025-09-22,4,448.28,8.0,0.0,1,UPI,Quarterly,0,2025-09
11018,2025-02-07,22,580.19,11.0,1.0,1,Net Banking,Yearly,0,2025-02
11020,2025-04-05,22,563.8,10.0,1.0,0,UPI,Monthly,0,2025-04
11021,2025-11-01,1,343.11,11.0,1.0,1,UPI,Yearly,0,2025-11
11022,2025-03-10,12,352.33,3.0,1.0,0,UPI,Monthly,0,2025-03
11023,2025-11-14,13,625.98,10.0,0.0,1,UPI,Monthly,0,2025-11
11024,2025-08-24,10,611.51,9.0,1.0,0,Credit Card,Yearly,0,2025-08
11025,2025-11-30,15,575.03,8.0,1.0,0,Credit Card,Monthly,0,2025-11
11026,2025-05-17,13,509.56,9.0,1.0,1,Credit Card,Monthly,0,2025-05
11027,2025-03-17,23,212.05,7.0,1.0,1,UPI,Yearly,0,2025-03
11028,2025-02-04,22,490.01,6.0,4.0,1,Debit Card,Monthly,0,2025-02
11029,2025-01-01,22,553.5,10.0,0.0,1,Debit Card,Quarterly,0,2025-01
11030,2025-10-23,21,434.83,12.0,0.0,1,UPI,Yearly,0,2025-10
11031,2025-11-16,22,413.5,8.0,1.0,1,UPI,Quarterly,0,2025-11
11032,2025-03-01,9,672.33,9.0,0.0,1,UPI,Monthly,0,2025-03
11033,2025-11-16,9,491.77,11.0,1.0,0,Debit Card,Monthly,1,2025-11
11034,2025-12-15,15,553.58,9.0,0.0,0,Debit Card,Monthly,0,2025-12
11035,2025-11-24,10,591.9,6.0,2.0,1,Net Banking,Monthly,0,2025-11
11036,2025-09-24,10,378.83,8.0,2.0,0,UPI,Quarterly,1,2025-09
11037,2025-12-27,8,522.18,6.0,1.0,1,Credit Card,Monthly,0,2025-12
11039,2025-09-27,17,717.31,7.0,0.0,0,UPI,Quarterly,0,2025-09
11040,2025-11-12,5,503.79,7.0,0.0,1,Credit Card,Quarterly,0,2025-11
11041,2025-10-13,4,470.45,6.0,3.0,0,UPI,Yearly,0,2025-10
11042,2025-10-18,18,531.28,9.0,3.0,1,Debit Card,Monthly,0,2025-10
11043,2025-08-01,19,528.24,13.0,1.0,1,Credit Card,Yearly,0,2025-08
11044,2025-06-14,4,665.41,5.0,0.0,1,Debit Card,Quarterly,0,2025-06
11045,2025-01-05,7,379.43,2.0,3.0,0,UPI,Monthly,1,2025-01
11047,2025-03-19,18,364.94,6.0,0.0,0,Net Banking,Monthly,0,2025-03
11049,2025-05-12,4,544.19,11.0,0.0,1,Debit Card,Monthly,0,2025-05
11050,2025-03-30,10,596.18,9.0,2.0,1,Debit Card,Yearly,0,2025-03
11051,2025-08-25,1,421.07,5.0,2.0,1,Credit Card,Quarterly,0,2025-08
11053,2025-03-30,18,632.39,5.0,2.0,0,Debit Card,Monthly,1,2025-03
11054,2025-10-23,5,731.16,14.0,3.0,0,Debit Card,Monthly,0,2025-10
11055,2025-11-24,15,507.37,5.0,1.0,1,Net Banking,Monthly,0,2025-11
11056,2025-10-22,17,422.23,8.0,0.0,0,Credit Card,Monthly,0,2025-10
11057,2025-04-14,3,378.7,6.0,1.0,1,UPI,Yearly,0,2025-04
11058,2025-01-14,12,366.78,13.0,3.0,1,Debit Card,Monthly,0,2025-01
11059,2025-10-15,2,648.97,8.0,3.0,1,Net Banking,Monthly,1,2025-10
11060,2025-06-28,1,317.19,6.0,5.0,1,UPI,Monthly,0,2025-06
11061,2025-05-05,23,645.13,7.0,2.0,1,UPI,Monthly,1,2025-05
11062,2025-12-19,21,394.79,5.0,1.0,1,Credit Card,Yearly,1,2025-12
11063,2025-01-23,17,416.78,11.0,2.0,1,UPI,Quarterly,0,2025-01
11064,2025-03-04,22,480.81,11.0,3.0,1,UPI,Quarterly,1,2025-03
11065,2025-05-23,16,414.56,9.0,2.0,1,UPI,Monthly,1,2025-05
11066,2025-06-02,5,610.84,5.0,2.0,1,Net Banking,Yearly,0,2025-06
11067,2025-05-25,15,716.6,11.0,1.0,1,UPI,Quarterly,0,2025-05
11068,2025-08-13,3,420.11,6.0,1.0,1,Credit Card,Monthly,0,2025-08
11069,2025-11-05,7,447.13,10.0,1.0,0,Debit Card,Monthly,1,2025-11
11070,2025-04-14,11,479.4,4.0,3.0,0,Net Banking,Yearly,0,2025-04
11071,2025-04-14,10,563.93,7.0,0.0,1,Net Banking,Quarterly,0,2025-04
11072,2025-02-08,9,480.58,11.0,0.0,1,Credit Card,Quarterly,0,2025-02
11073,2025-07-17,14,665.47,10.0,3.0,0,Net Banking,Monthly,1,2025-07
11074,2025-05-14,13,636.59,7.0,3.0,1,UPI,Monthly,1,2025-05
11075,2025-03-08,2,356.74,10.0,3.0,1,Debit Card,Quarterly,1,2025-03
11076,2025-06-28,3,561.52,8.0,1.0,1,Credit Card,Quarterly,0,2025-06
11077,2025-02-11,7,681.44,3.0,1.0,1,UPI,Quarterly,1,2025-02
11078,2025-01-15,21,439.63,7.0,0.0,0,Credit Card,Quarterly,1,2025-01
11079,2025-04-21,18,463.69,6.0,1.0,1,UPI,Monthly,0,2025-04
11080,2025-06-06,3,435.64,8.0,0.0,1,Net Banking,Quarterly,0,2025-06
11081,2025-10-16,10,438.15,9.0,1.0,1,UPI,Yearly,0,2025-10
11082,2025-08-19,22,298.79,10.0,3.0,0,Credit Card,Yearly,0,2025-08
11083,2025-06-06,7,339.6,12.0,3.0,0,UPI,Monthly,0,2025-06
11084,2025-02-07,9,508.3,10.0,2.0,1,UPI,Monthly,0,2025-02
11085,2025-04-07,17,680.63,7.0,0.0,0,Net Banking,Yearly,0,2025-04
11086,2025-10-16,11,425.4,7.0,2.0,1,Debit Card,Quarterly,0,2025-10
11087,2025-09-11,7,421.87,13.0,1.0,1,Net Banking,Quarterly,0,2025-09
11088,2025-07-15,14,703.18,8.0,1.0,1,UPI,Yearly,0,2025-07
11089,2025-03-27,19,366.01,13.0,2.0,1,UPI,Quarterly,0,2025-03
11090,2025-11-18,4,299.65,5.0,2.0,1,Credit Card,Quarterly,1,2025-11
11091,2025-01-10,6,399.58,7.0,3.0,1,Credit Card,Monthly,1,2025-01
11092,2025-01-05,10,419.47,9.0,0.0,1,UPI,Monthly,0,2025-01
11093,2025-05-03,7,289.31,3.0,1.0,1,Debit Card,Monthly,1,2025-05
11094,2025-11-26,13,483.63,11.0,0.0,1,UPI,Yearly,0,2025-11
11095,2025-12-19,14,612.81,5.0,3.0,1,UPI,Monthly,1,2025-12
11096,2025-04-28,4,344.69,6.0,1.0,1,UPI,Monthly,0,2025-04
11097,2025-10-21,8,509.51,8.0,0.0,0,Credit Card,Yearly,0,2025-10
11098,2025-06-08,5,546.51,4.0,0.0,1,Debit Card,Quarterly,0,2025-06
11099,2025-10-30,1,488.99,5.0,1.0,1,Credit Card,Quarterly,0,2025-10
11100,2025-08-16,4,521.28,15.0,2.0,1,Credit Card,Monthly,0,2025-08
11102,2025-08-04,9,401.47,5.0,3.0,1,Net Banking,Monthly,1,2025-08
11103,2025-07-03,8,678.83,14.0,1.0,1,Net Banking,Monthly,0,2025-07
11104,2025-01-15,1,648.73,5.0,3.0,1,Debit Card,Monthly,1,2025-01
11106,2025-05-16,9,620.64,13.0,0.0,1,Credit Card,Monthly,0,2025-05
11107,2025-09-18,7,310.0,5.0,3.0,0,Credit Card,Quarterly,1,2025-09
11108,2025-06-06,4,610.13,6.0,2.0,1,Net Banking,Monthly,0,2025-06
11109,2025-02-16,13,577.67,8.0,1.0,1,Net Banking,Quarterly,1,2025-02
11110,2025-11-20,17,314.62,8.0,2.0,1,Net Banking,Monthly,1,2025-11
11111,2025-11-28,2,473.21,6.0,2.0,0,UPI,Monthly,1,2025-11
11113,2025-05-10,12,698.72,10.0,1.0,1,Credit Card,Yearly,0,2025-05
11114,2025-04-05,21,585.97,6.0,1.0,0,Debit Card,Yearly,0,2025-04
11115,2025-04-25,8,395.25,7.0,0.0,1,Credit Card,Yearly,0,2025-04
11117,2025-10-19,8,504.25,7.0,4.0,1,Credit Card,Quarterly,0,2025-10
11118,2025-10-09,18,468.3,10.0,1.0,0,UPI,Quarterly,0,2025-10
11119,2025-10-26,3,459.75,4.0,3.0,1,UPI,Quarterly,0,2025-10
11120,2025-10-10,22,304.17,10.0,1.0,1,Net Banking,Monthly,0,2025-10
11121,2025-03-10,12,485.83,7.0,1.0,1,UPI,Quarterly,0,2025-03
11122,2025-05-28,3,558.7,11.0,2.0,1,UPI,Monthly,1,2025-05
11123,2025-01-11,22,452.75,9.0,2.0,1,UPI,Monthly,0,2025-01
11124,2025-09-11,6,549.45,7.0,0.0,0,Credit Card,Quarterly,0,2025-09
11125,2025-11-26,2,395.27,9.0,3.0,1,Net Banking,Monthly,0,2025-11
11126,2025-12-26,23,482.09,6.0,1.0,1,UPI,Monthly,0,2025-12
11127,2025-02-07,12,536.98,8.0,3.0,1,UPI,Monthly,1,2025-02
11128,2025-05-14,2,521.76,6.0,3.0,1,Net Banking,Yearly,0,2025-05
11129,2025-07-19,6,306.34,8.0,2.0,1,Net Banking,Monthly,1,2025-07
11130,2025-01-23,17,446.32,10.0,2.0,0,UPI,Monthly,1,2025-01
11131,2025-10-30,3,700.3,9.0,1.0,1,Debit Card,Yearly,0,2025-10
11132,2025-12-12,2,439.91,7.0,2.0,1,Debit Card,Monthly,0,2025-12
11134,2025-12-29,20,488.59,9.0,2.0,1,Credit Card,Monthly,0,2025-12
11136,2025-05-21,22,653.84,7.0,1.0,1,UPI,Monthly,0,2025-05
11137,2025-04-14,12,595.9,9.0,2.0,1,UPI,Monthly,0,2025-04
11138,2025-07-29,4,382.21,7.0,1.0,0,UPI,Monthly,0,2025-07
11139,2025-04-21,5,542.1,9.0,4.0,1,Credit Card,Yearly,0,2025-04
11140,2025-04-14,13,567.15,10.0,2.0,1,Net Banking,Quarterly,0,2025-04
11141,2025-11-12,15,415.17,6.0,3.0,1,Credit Card,Quarterly,0,2025-11
11142,2025-06-20,23,394.54,6.0,1.0,0,UPI,Monthly,1,2025-06
11143,2025-12-22,16,703.6,1.0,0.0,1,Credit Card,Monthly,0,2025-12
11144,2025-11-20,10,462.9,10.0,2.0,0,Credit Card,Yearly,0,2025-11
11145,2025-05-13,23,692.8,5.0,1.0,1,Net Banking,Monthly,1,2025-05
11146,2025-10-20,16,618.65,13.0,3.0,1,Credit Card,Yearly,0,2025-10
11147,2025-11-24,12,547.95,13.0,3.0,1,Credit Card,Monthly,0,2025-11
11148,2025-05-07,17,553.3,11.0,0.0,1,Debit Card,Yearly,0,2025-05
11149,2025-04-16,16,330.95,9.0,0.0,1,Debit Card,Monthly,0,2025-04
11150,2025-04-02,12,523.81,7.0,0.0,1,Credit Card,Monthly,0,2025-04
11151,2025-10-14,8,669.04,6.0,5.0,0,UPI,Quarterly,0,2025-10
11152,2025-02-20,20,580.76,9.0,4.0,1,Net Banking,Quarterly,0,2025-02
11153,2025-01-29,3,517.52,8.0,3.0,0,Debit Card,Monthly,1,2025-01
11154,2025-10-23,16,704.43,6.0,1.0,1,Debit Card,Yearly,0,2025-10
11155,2025-10-24,13,476.8,10.0,1.0,1,Net Banking,Monthly,0,2025-10
11156,2025-08-02,23,424.65,9.0,2.0,0,Debit Card,Monthly,0,2025-08
11157,2025-09-24,19,517.46,7.0,1.0,1,Debit Card,Quarterly,0,2025-09
11158,2025-09-14,8,590.98,10.0,0.0,1,Net Banking,Quarterly,0,2025-09
11159,2025-10-29,22,292.86,8.0,1.0,1,UPI,Yearly,1,2025-10
11160,2025-04-11,5,533.18,6.0,1.0,0,Credit Card,Monthly,1,2025-04
11161,2025-12-12,20,596.24,7.0,0.0,1,Credit Card,Monthly,1,2025-12
11162,2025-04-20,8,466.64,10.0,2.0,0,UPI,Quarterly,0,2025-04
11163,2025-07-01,12,631.84,5.0,3.0,0,Debit Card,Monthly,0,2025-07
11164,2025-11-09,1,575.94,9.0,2.0,0,Debit Card,Monthly,0,2025-11
11165,2025-01-01,21,755.97,5.0,6.0,1,Debit Card,Monthly,0,2025-01
11166,2025-11-15,20,408.93,8.0,2.0,0,Net Banking,Monthly,1,2025-11
11167,2025-02-24,6,598.69,4.0,2.0,0,UPI,Monthly,1,2025-02
11168,2025-05-29,22,376.92,7.0,5.0,1,Debit Card,Monthly,1,2025-05
11169,2025-11-05,18,305.16,5.0,2.0,1,Credit Card,Quarterly,0,2025-11
11170,2025-05-17,8,254.74,16.0,1.0,0,UPI,Quarterly,0,2025-05
11171,2025-07-21,7,563.6,2.0,1.0,0,UPI,Monthly,1,2025-07
11173,2025-04-27,21,441.51,9.0,0.0,0,Credit Card,Monthly,1,2025-04
11174,2025-06-03,16,286.18,11.0,3.0,1,Debit Card,Monthly,1,2025-06
11175,2025-10-18,12,416.15,8.0,3.0,0,Credit Card,Quarterly,0,2025-10
11176,2025-03-04,6,499.49,6.0,1.0,0,UPI,Yearly,0,2025-03
11177,2025-09-01,20,594.18,11.0,1.0,1,UPI,Quarterly,0,2025-09
11178,2025-01-25,2,497.02,7.0,3.0,0,UPI,Quarterly,1,2025-01
11179,2025-03-31,14,529.25,10.0,3.0,0,Net Banking,Monthly,1,2025-03
11180,2025-03-16,4,453.86,10.0,1.0,1,UPI,Monthly,0,2025-03
11181,2025-10-21,1,708.91,8.0,1.0,1,Net Banking,Yearly,0,2025-10
11182,2025-07-29,23,376.81,7.0,3.0,1,Net Banking,Yearly,0,2025-07
11183,2025-12-13,18,415.09,3.0,3.0,1,Net Banking,Monthly,0,2025-12
11184,2025-01-17,13,439.92,13.0,0.0,1,Credit Card,Monthly,0,2025-01
11185,2025-05-08,2,564.12,7.0,1.0,1,Net Banking,Quarterly,0,2025-05
11186,2025-12-30,9,374.34,7.0,3.0,1,UPI,Monthly,0,2025-12
11187,2025-09-08,21,515.29,12.0,1.0,1,UPI,Quarterly,0,2025-09
11188,2025-06-28,2,518.79,5.0,3.0,1,UPI,Yearly,0,2025-06
11189,2025-07-01,9,415.68,7.0,0.0,0,Net Banking,Monthly,0,2025-07
11190,2025-06-01,1,538.6,7.0,1.0,1,UPI,Yearly,0,2025-06
11191,2025-01-25,11,378.06,6.0,3.0,1,Credit Card,Yearly,0,2025-01
11192,2025-06-29,3,364.95,9.0,0.0,1,UPI,Yearly,0,2025-06
11193,2025-07-17,20,510.95,6.0,3.0,1,UPI,Monthly,0,2025-07
11194,2025-12-10,23,299.83,7.0,0.0,1,UPI,Monthly,0,2025-12
11196,2025-06-26,18,562.94,10.0,2.0,1,Credit Card,Monthly,0,2025-06
11197,2025-10-12,23,624.88,4.0,0.0,1,Net Banking,Monthly,1,2025-10
11198,2025-03-04,6,442.98,11.0,0.0,1,Debit Card,Monthly,0,2025-03
11199,2025-05-30,3,418.83,9.0,0.0,1,Net Banking,Quarterly,0,2025-05
11200,2025-06-03,22,619.66,11.0,1.0,1,Credit Card,Monthly,0,2025-06
